{
  "FFDProd": [
    [
      138, 
      42849.33295488401, 
      1727.8637507211972, 
      399.6823602382051, 
      1531863.5398916588, 
      718735.9159859774, 
      95, 
      111, 
      0.021435976028442383
    ], 
    [
      242, 
      56420.90335432403, 
      12535.847691779418, 
      1523.4175895690462, 
      1369794.7741851357, 
      547445.4363907522, 
      125, 
      170, 
      0.07206511497497559
    ], 
    [
      506, 
      105651.99939046618, 
      8558.25855043815, 
      605.2533821330502, 
      1212345.9276020776, 
      413858.32414452813, 
      234, 
      395, 
      0.14344310760498047
    ], 
    [
      761, 
      144007.5342575924, 
      3661.4038513034748, 
      572.4360487013755, 
      1054077.6131557967, 
      304495.30156464333, 
      319, 
      546, 
      0.45343804359436035
    ]
  ], 
  "Dot_Prod": [
    [
      138, 
      49118.58391641, 
      1268.1620880893292, 
      222.695527859496, 
      1450498.101723053, 
      625688.7071432696, 
      109, 
      118, 
      0.03191494941711426
    ], 
    [
      242, 
      60003.57898213005, 
      1197.132342754621, 
      186.55023379458382, 
      1334466.8351331463, 
      514139.5504875135, 
      133, 
      172, 
      0.05820298194885254
    ], 
    [
      506, 
      110122.9191794242, 
      1125.0677621835425, 
      103.72321665455115, 
      1190169.1467150436, 
      396609.75166937144, 
      244, 
      394, 
      0.2061300277709961
    ], 
    [
      761, 
      147573.0255167245, 
      1360.1141754995026, 
      138.81913335059775, 
      1042217.874319603, 
      296860.8910665576, 
      327, 
      540, 
      0.4109458923339844
    ]
  ], 
  "L2": [
    [
      138, 
      49147.241119900034, 
      20.163218608022, 
      10.706279527504288, 
      1450067.2386662136, 
      626694.6195278204, 
      109, 
      124, 
      0.02936697006225586
    ], 
    [
      242, 
      64050.14195306208, 
      111.84326300482017, 
      26.627289226714634, 
      1297417.8525450474, 
      481902.48468435113, 
      142, 
      177, 
      0.05260109901428223
    ], 
    [
      506, 
      114152.29870903824, 
      5195.367357661388, 
      406.9817903141084, 
      1171077.7293967232, 
      382615.9649877731, 
      253, 
      387, 
      0.2840149402618408
    ], 
    [
      761, 
      151628.4546738025, 
      547.8427702403732, 
      64.16961126070497, 
      1029273.1813308884, 
      288939.171148608, 
      336, 
      551, 
      0.5695610046386719
    ]
  ], 
  "FFDSum": [
    [
      138, 
      41509.15872382399, 
      1067.2418514104106, 
      247.95304563411136, 
      1551143.004825697, 
      741960.4020579715, 
      92, 
      115, 
      0.039216041564941406
    ], 
    [
      242, 
      54184.66998955401, 
      1703.2499247085839, 
      280.170859465671, 
      1393346.3790952847, 
      570341.1428951801, 
      120, 
      173, 
      0.08993101119995117
    ], 
    [
      506, 
      103859.89043668617, 
      2979.329927084571, 
      354.3061796679185, 
      1221617.018801659, 
      421014.23388014163, 
      230, 
      399, 
      0.14980316162109375
    ], 
    [
      761, 
      142211.2634164524, 
      2074.2532097923363, 
      284.585627754603, 
      1060204.8764746608, 
      308299.04727301165, 
      315, 
      545, 
      0.5252041816711426
    ]
  ]
}