{
  "used_hms_mbbo": [
    81
  ], 
  "scale": [
    200
  ], 
  "degree_of_concentration_ffd": [
    7858.260247487545
  ], 
  "used_hms_0": [
    130
  ], 
  "power_cost_0": [
    58352.8263767221
  ], 
  "degree_of_concentration_0": [
    12342.678222798688
  ], 
  "power_cost_mbbo": [
    30622.261704401353
  ], 
  "degree_of_concentration_mbbo": [
    6541.314805611001
  ], 
  "power_cost_ffd": [
    36017.286485602606
  ], 
  "used_hms_ffd": [
    80
  ]
}{
  "used_hms_mbbo": [
    81, 
    329
  ], 
  "scale": [
    200, 
    700
  ], 
  "degree_of_concentration_ffd": [
    7858.260247487545, 
    26789.049675068396
  ], 
  "used_hms_0": [
    130, 
    467
  ], 
  "power_cost_0": [
    58352.8263767221, 
    209525.83693108027
  ], 
  "degree_of_concentration_0": [
    12342.678222798688, 
    44134.22070974876
  ], 
  "power_cost_mbbo": [
    30622.261704401353, 
    135300.31070453787
  ], 
  "degree_of_concentration_mbbo": [
    6541.314805611001, 
    28603.655323051036
  ], 
  "power_cost_ffd": [
    36017.286485602606, 
    122864.28741485762
  ], 
  "used_hms_ffd": [
    80, 
    273
  ]
}{
  "used_hms_mbbo": [
    81, 
    329, 
    475
  ], 
  "scale": [
    200, 
    700, 
    1000
  ], 
  "degree_of_concentration_ffd": [
    7858.260247487545, 
    26789.049675068396, 
    36552.778088693696
  ], 
  "used_hms_0": [
    130, 
    467, 
    665
  ], 
  "power_cost_0": [
    58352.8263767221, 
    209525.83693108027, 
    298330.4857562661
  ], 
  "degree_of_concentration_0": [
    12342.678222798688, 
    44134.22070974876, 
    62711.723906089086
  ], 
  "power_cost_mbbo": [
    30622.261704401353, 
    135300.31070453787, 
    193701.96866045037
  ], 
  "degree_of_concentration_mbbo": [
    6541.314805611001, 
    28603.655323051036, 
    40812.62514618547
  ], 
  "power_cost_ffd": [
    36017.286485602606, 
    122864.28741485762, 
    167444.88497856376
  ], 
  "used_hms_ffd": [
    80, 
    273, 
    372
  ]
}