{
  "used_hms_mbbo": [
    42, 
    227, 
    493
  ], 
  "scale": [
    100, 
    500, 
    1000
  ], 
  "degree_of_concentration_ffd": [
    4110.719407149783, 
    18659.7013580138, 
    38738.56498869195
  ], 
  "used_hms_0": [
    69, 
    330, 
    691
  ], 
  "power_cost_0": [
    30955.346435784075, 
    148064.98749724522, 
    309987.6026916605
  ], 
  "degree_of_concentration_0": [
    6510.186446717247, 
    31166.950734358903, 
    65160.3776143815
  ], 
  "power_cost_mbbo": [
    15743.71144029954, 
    93066.6212785522, 
    204466.19916116647
  ], 
  "degree_of_concentration_mbbo": [
    3384.0518187609778, 
    19619.56697685946, 
    42998.61598741407
  ], 
  "power_cost_ffd": [
    18894.273846098316, 
    85525.76453344332, 
    177761.93135937976
  ], 
  "used_hms_ffd": [
    42, 
    190, 
    395
  ]
}