{
    "scale":[
        76, 
        153, 
        251, 
        292, 
        1313, 
        1784, 
        2085, 
        2271, 
        12571, 
        14971, 
        20256, 
        22781, 
        49823, 
        75315, 
        124826, 
        200049
    ],
    "simple":[
        38,
        57,
        89,
        106,
        445,
        613,
        705,
        768,
        4230,
        4995,
        6676,
        7688,
        16654,
        25022,
        41635,
        66703
    ],
    "complex":[
            36, 
            52, 
            78, 
            89, 
            355, 
            489, 
            555, 
            608, 
            3283, 
            3902, 
            5203, 
            5942, 
            12925, 
            19445, 
            32292, 
            51646
    ],
    "concentration_simple":[
            3682.387958456433,
            5616.642411511717,
            8793.778851911216,
            10449.724590470763,
            43966.69356329125,
            60558.33680373392,
            69637.22319040139,
            75941.7509300863,
            418012.07361797,
            493801.60352608404,
            659977.5618945891,
            759700.385874459,
            1646424.4416736679,
            2473943.1266681226,
            4116294.6904347255,
            6594096.604175065
    ],
    "concentration_complex":[
            3497.824875016217,
            5196.500924282411,
            7809.92236065283,
            8900.61355164228,
            35511.39805816482,
            48889.356305417976,
            55505.94752881797,
            60750.334717743885,
            328280.06060195784,
            390171.9568956819,
            520206.44035384,
            594154.7918377883,
            1292399.6712903483,
            1944347.4775623574,
            3228936.094455024,
            5164164.99792885
    ] 
}
