{
  "safe_complex_concentration": [
    14814.194675968234, 
    22962.043316389314, 
    39910.42216730985, 
    53007.926261678826, 
    392950.3864254889, 
    456647.8582579349, 
    519187.48182320513, 
    582929.9290918869
  ], 
  "scale": [
    552, 
    820, 
    1507, 
    1992, 
    15123, 
    17568, 
    20059, 
    22556
  ], 
  "simple_concentration": [
    17734.316476310112, 
    28697.876530771555, 
    49673.41740882318, 
    66568.67079069573, 
    498215.95650564466, 
    579174.3301917717, 
    658566.7974259804, 
    742702.0898366941
  ], 
  "safe_complex_tolerance": [
    60025.3, 
    30023.0, 
    40021.2, 
    50025.600000000006, 
    55018.1, 
    35025.0, 
    60023.65, 
    45027.05
  ], 
  "complex_concentration": [
    14811.873038549791, 
    22960.644449802374, 
    39909.69105340275, 
    53009.607354461106, 
    392971.43212845584, 
    456662.2149434767, 
    519213.6702718594, 
    582952.2312149499
  ], 
  "simple_tolerance": [
    165016.45, 
    135017.15000000002, 
    125023.04999999999, 
    195022.9, 
    145021.9, 
    140031.55, 
    170017.6, 
    140026.45
  ], 
  "complex_tolerance": [
    70029.45, 
    50030.2, 
    65023.0, 
    75022.1, 
    75023.20000000001, 
    15026.6, 
    75023.45, 
    110024.45000000001
  ]
}