{"HSI_cost": [[60118.93592812363, 13.144009873268802, 12870], [54311.78790678453, 5.394355120742328, 12935]], "pms": [[0.42901731101566803, 0.47292907141780005], [0.20670334800209195, 0.3355845973583994], [0.23220616260767274, 0.16144416428541883], 0, [0.7772675940685052, 0.7256124443263263], [0.09313335576183068, 0.06436653576554885], [0.4714445408716367, 0.43610041578704023], [0.7203289843971852, 0.9062636140197404], [0.18820139567749056, 0.16506450398798636], 0, 0, [0.26283320673789945, 0.49531344830324625], 0, 0, 0, 0, [0.49956214120183295, 0.4145107947379122], [0.19113240321896285, 0.21793221672112556], 0, 0, [0.4584552831312335, 0.4451638557968357], [0.19011630820273923, 0.2142003430684678], [0.7022425825768029, 0.4886933859922341], [0.4727728559638468, 0.55913049325053], 0, [0.6277522520104466, 0.5737365779173784], [0.39715093407041724, 0.5145291401846812], 0, [0.5183441841070678, 0.5190206836801167], [0.5360137440163659, 0.3467048224441681], [0.30798317077865905, 0.48394610449784436], [0.6471357521921355, 0.49576557712403996], 0, 0, [0.7050538313996415, 0.7027135709482621], 0, 0, [0.471864172149591, 0.4195090934240395], [0.30715670741536516, 0.29401891970016125], 0, 0, [0.32951260522524645, 0.4670237071113148], [0.26655603939081074, 0.3348098084797105], [0.22507408545106933, 0.1905091173625933], 0, 0, 0, [0.06562342035673147, 0.04713213627212226], [0.0681077829080528, 0.1273121500315843], 0, [0.26387227665013735, 0.39015859416675214], 0, 0, [0.08527460892315797, 0.020083231776230615], [0.2679416375804727, 0.27239345383863495], [0.3964273238877426, 0.4904722976754823], 0, 0, 0, 0, [0.3565701435982067, 0.2855374388988012], 0, 0, 0, 0, [0.008665188452228079, 0.16660625258041403], [0.6333683420889158, 0.7643291397258414], [0.6295184316563736, 0.42737937293187134], 0, 0, [0.1583954352718538, 0.16796897288014687], [0.6121365039687134, 0.472046511430943], [0.3408661545056793, 0.2561395234466857], [0.4539729858438142, 0.3313406229855089], 0, 0, 0, 0, 0, [0.32084841514655266, 0.41640909177908203], [0.0870340341625383, 0.20612781670789868], [0.6333394716771381, 0.5065082416637914], 0, 0, [0.49547898988762756, 0.47328748235225926], [0.15203050149526853, 0.08911456742299714], [0.20266329592164245, 0.24943402888753202], [0.3633661538027575, 0.251672394384614], [0.557686519689806, 0.6283854487597695], 0, [0.34906111542728246, 0.4820579612348114], [0.43870911421549824, 0.3895116346832895], [0.5877381233799971, 0.4239097268157541], 0, [0.3963519253722019, 0.50286987066708], [0.47495777252796906, 0.6714792929363361], [0.30622694912270776, 0.4736536652769573], 0, [0.07832242628146774, 0.11378800087011787], 0, [0.340267186027744, 0.34986459924918584], 0, [0.4303968259935747, 0.5825156590057142], [0.6078536494880125, 0.3660778518773111], 0, [0.34788440541267807, 0.7176400522548408], [0.018490363659547926, 0.2290043744196594], 0, [0.7298031002226548, 0.6264575942101416], [0.7823254891333066, 0.6908832497999371], [0.6654574198768244, 0.8618134625611059], [0.04199604644382898, 0.03424036663946897], [0.30844148909113156, 0.4305185818522723], 0, 0, [0.44251621292825905, 0.43168898555736834], 0, [0.47709868415083695, 0.2503413219779863], 0, 0, [0.33900590070712344, 0.39814008655212463], [0.3441892933381513, 0.37363806659388293], 0, 0, [0.3782064854141599, 0.4507465343724958], [0.49593509162647054, 0.3179601049360916], 0, [0.7644845074456214, 0.7554275771839589], [0.3753386358240153, 0.2674745417681347], [0.3172648940645729, 0.41132697473723023], [0.5305854421032061, 0.27095499498173126], [0.755889305540147, 0.6537087490749468], 0, [0.22405210457024682, 0.21735176079407076], [0.20889930605664292, 0.28851757640595116], 0, 0, 0, 0, [0.623680848745416, 0.31643739849087005], 0, [0.3943028713609662, 0.5108638843500799], [0.09281281366936578, 0.13634266060943884], [0.649410227387546, 0.5604792759515721], [0.27733403376642685, 0.4017070474508655], [0.24825511852745835, 0.14847733898979337], [0.3718921972619864, 0.323484228783489], [0.5821101529408861, 0.3971569249151222], 0, [0.05721653743387295, 0.19515731772821543], [0.3884159161799719, 0.5976881583132795], [0.08944806156645463, 0.044667476718645266], 0, 0, [0.6019503272011156, 0.5992370080194659], [0.09199039673315662, 0.22422478157820844], [0.1820371590847108, 0.07870053237399513], 0, [0.412124352159387, 0.34945452724072745], [0.30441932591165793, 0.33722661658892916], 0, 0, 0, 0, [0.05800730860448583, 0.1643268351328253], 0, [0.2646956984624109, 0.37729352769151847], [0.8314062547921958, 0.710480381536852], [0.19340295156740922, 0.20862645544122466], [0.6496010734831521, 0.8335787703984608], [0.7991299977763637, 0.6841751217741064], 0, [0.6179464139063816, 0.3893454560740683], [0.262898572902819, 0.1424679951215205], 0, 0, 0, 0, [0.40979994805108144, 0.47831296345244556], 0, [0.8128270998153568, 0.7331646936252563], [0.7945241756101672, 0.8455625210178955], [0.31647237851733256, 0.3583000556719764], [0.8496441025567367, 0.7892134684327252], [0.7473721694962998, 0.5625385500340474], [0.6628271295911263, 0.5564367785088039], [0.09805950093304211, 0.02891773021817423], 0, [0.5147247043682313, 0.4826784857289179], [0.17129422104333802, 0.09409250989016393], [0.7069872847434775, 0.6831727445044126], [0.7064879909472834, 0.757536581730394], [0.3512378479600809, 0.25000496014604645], [0.21745650095089697, 0.18722637601080905], 0, [0.4621911139677308, 0.495736563929188], 0, [0.7015864324500061, 0.3911408223731221], [0.807173299686073, 0.7106556207958036], [0.36273962312111446, 0.15390437886796826]], "vms_num": 200, "state": [[54, 61], [85, 90], [75], [], [56, 154], [77], [87], [0, 18], [124], [], [], [144], [], [], [], [], [41, 47], [141], [], [], [59], [174], [28, 140, 178, 187], [62, 164], [], [64, 125], [32, 101], [], [46, 161], [117, 176], [49], [150, 167], [], [], [52, 184, 190], [], [], [177], [42, 110], [], [], [20], [67], [17], [], [], [], [43], [123], [], [2], [], [], [115], [122], [172], [], [], [], [], [133], [], [], [], [], [105], [76, 199], [130, 192], [], [], [155, 157], [89, 134], [66], [168], [], [], [], [], [], [138], [19], [108, 193], [], [], [91], [129, 132], [116], [185], [102, 169], [], [71], [44], [30, 149], [], [24, 50], [4, 86, 109], [26, 78, 94], [], [7], [], [29], [], [98, 114], [118, 137], [], [33, 97, 183], [189], [], [51, 131], [55, 65], [8, 127], [142], [6], [], [], [121, 165], [], [119], [], [], [95], [48], [], [], [182], [151, 175], [], [35, 100], [104], [21, 159], [40, 83], [166, 196, 197], [], [146], [84, 136], [], [], [], [], [45, 106], [], [53, 158], [147], [68, 92], [38], [3], [111, 143], [63, 120], [], [11], [14, 107], [145], [], [], [57, 60, 195], [69], [113], [], [152], [194], [], [], [], [], [72], [], [160], [16, 74, 186], [12, 139], [36, 37, 163], [5, 179], [], [9, 80], [13, 99], [], [], [], [], [58, 135], [], [23, 173], [27, 156], [181, 188], [1, 198], [15, 148, 170], [31, 70, 112], [96], [], [22, 39, 88, 191], [103, 180], [10, 34], [25, 153], [162], [128], [], [93], [], [73, 79], [81, 82], [126, 171]],