{"HSI_cost": [[58318.240946230326, 203.51376754643124, 12935], [42683.61189692544, 3.7260742012627373, 13000]], "pms": [0, [0.6757875154156833, 0.6685571911923265], [0.3293356166370584, 0.5441502281732644], 0, 0, [0.576805705339968, 0.5699301682779803], 0, [0.48366441410043354, 0.642313117805019], [0.7947432625912944, 0.6735985317118451], [0.7287748874805233, 0.6834056412996568], [0.6832481723812283, 0.7195853007698192], 0, 0, 0, [0.7171667055410285, 0.6239023803322133], 0, 0, [0.4737027671208207, 0.6318119573595412], 0, 0, [0.778998746801159, 0.44140769463626894], [0.45933621756071097, 0.4594841061343694], [0.6699754007983608, 0.6500241912854519], [0.488754456484447, 0.46647218030066373], 0, [0.07939227044636538, 0.14840603904243185], 0, 0, [0.5217464607887738, 0.5471686792513262], 0, [0.6611415421958867, 0.5964681549995028], [0.12043753970313587, 0.20839665695698323], [0.2897591908645902, 0.6139159837786397], 0, [0.4970631789266968, 0.5490532957817648], [0.5579419722666554, 0.5787964289419287], 0, 0, 0, 0, 0, [0.5332852780188394, 0.42316591295606754], 0, [0.5632950737312004, 0.587582513562702], [0.7058157671871725, 0.5634190581385168], [0.6498406731569037, 0.6340503187910003], 0, [0.7432619413311772, 0.7472919791911063], [0.39502951539534337, 0.6077624826376453], 0, [0.39738963868892485, 0.4887202519538828], 0, [0.6050298441870599, 0.43077848225252335], [0.10491989615415254, 0.19931116473914898], 0, [0.3980441663961174, 0.4296906016584875], [0.07664874430693602, 0.23272740994013902], 0, 0, [0.4593875399441931, 0.5375780876519701], 0, 0, 0, [0.5851981033960274, 0.470013624753846], [0.4448620957511433, 0.4951308274439133], 0, 0, [0.4591830886068957, 0.3476420445882127], 0, 0, [0.5442023356000183, 0.5164530210302287], [0.7643185768470431, 0.3077134217227894], [0.7136140400848829, 0.5743084678326116], [0.43894145291114667, 0.39241718101750167], 0, [0.477790604838243, 0.5667121695038335], 0, 0, 0, [0.42682579856624825, 0.22552926570003706], 0, 0, 0, [0.37016245832882266, 0.45248443035554214], [0.5767525933760183, 0.814687952318747], 0, 0, 0, 0, [0.7536095138687992, 0.7651642011325592], 0, [0.5559732455573424, 0.5401874845725386], 0, 0, 0, [0.09395266824653437, 0.2202427470315961], 0, [0.7019042202053061, 0.5954401790168141], 0, [0.8041619088442836, 0.642384294881238], 0, 0, [0.46321947359808785, 0.3390630670613386], 0, [0.5110563834695233, 0.6876544473933687], 0, 0, 0, 0, 0, [0.34422037484784224, 0.5812928897897034], [0.36973835911671477, 0.4995486405018068], 0, [0.42034042738110566, 0.5501791405159256], 0, 0, [0.5647633160154827, 0.5515100110602115], 0, 0, 0, [0.721849770382724, 0.5369215973824256], 0, [0.6505428966548091, 0.4224588510700634], [0.4757735292536773, 0.5392089805965377], [0.4627619375405938, 0.5209971523168765], 0, [0.31362416679110855, 0.4035909655534473], 0, [0.6849263118334568, 0.8094301108189483], 0, 0, 0, 0, [0.04263413153706447, 0.09524151966246916], [0.2918714093627345, 0.4739173396694619], 0, [0.3592641108699661, 0.45526696232778463], [0.6146702451503488, 0.5035283555921082], [0.7585540259668445, 0.39594450713701007], 0, [0.5219840121845669, 0.5693218890620397], 0, [0.3934342811586889, 0.49428017542789626], [0.34844004826561314, 0.3099277854872211], [0.649947973698543, 0.5371500238692016], [0.7182105224191386, 0.5561963166432694], 0, [0.4325998302744347, 0.49353727159698974], 0, [0.209422471783338, 0.15476181019381727], 0, 0, [0.5300396988194263, 0.4662008020971642], [0.3583329727050533, 0.595703843439028], [0.016738375371113834, 0.2439951415875541], [0.37986167481279043, 0.38505187146784237], 0, [0.4514687470918774, 0.5237367589760434], 0, [0.5751370183801351, 0.6171049302763209], 0, [0.5250383296656942, 0.5005460415341136], [0.44091480336628863, 0.4962128719573148], 0, 0, 0, 0, [0.26364467668790337, 0.46069494353097307], [0.45364800050851495, 0.5297319660350429], 0, [0.7459077128828875, 0.6738311604706677], 0, 0, 0, 0, [0.732060786545692, 0.7169848535487466], 0, [0.09961428316950277, 0.3233721964146169], [0.021825289850160523, 0.21934202171607528], 0, [0.3089263865551043, 0.49105475834398005], [0.5911338103823003, 0.6714189134326312], 0, 0, [0.5929709958149028, 0.5855374267350779], 0, 0, [0.8520606883176631, 0.7187675541801674], 0, 0, [0.6084669196901535, 0.5018273401443363], 0, [0.5888068299196895, 0.40396144022767566], [0.11462003148151101, 0.36443059988077986], 0, 0, 0, [0.7437526923009119, 0.5128563400201991], [0.794956732767264, 0.7051209646696419], 0], "vms_num": 200, "state": [[], [54, 89, 197], [40, 111, 180], [], [], [51, 114], [], [110, 132], [82, 170], [52, 70], [46, 142], [], [], [], [20, 150], [], [], [55, 154], [], [], [77, 161, 186, 196], [93], [33, 162], [107], [], [14], [], [], [9, 48, 99], [], [81, 103], [7, 68], [147, 168], [], [185, 190, 198], [25, 131], [], [], [], [], [], [43, 95], [], [174, 181], [5, 91, 94], [65, 148, 193], [], [10, 126], [38, 66], [], [136], [], [58, 159], [1, 45], [], [92], [61], [], [], [16, 133], [], [], [], [96, 152], [151, 158, 199], [], [], [98, 157], [], [], [106, 195], [50, 108, 116], [6, 109, 134, 177], [30, 163], [], [34, 87, 176], [], [], [], [11, 141, 169], [], [], [], [90], [74, 167], [], [], [], [], [119, 139], [], [60, 73], [], [], [], [59, 78], [], [2, 32, 171], [], [18, 178], [], [], [24, 28, 105, 173], [], [41, 143], [], [], [], [], [], [42, 117], [23], [], [26, 121], [], [], [0, 86, 184], [], [], [], [64, 135, 189], [], [27, 69, 85], [19, 76], [100, 179], [], [56, 84], [], [21, 57], [], [], [], [], [79], [166], [], [13, 44], [160, 183], [35, 104, 123], [], [63, 118], [], [112], [102], [71, 140], [12, 17], [], [72], [], [101], [], [], [62, 67, 88, 97, 124], [49, 80, 138], [175], [83, 194], [], [115, 122], [], [149, 153, 156], [], [4, 29], [22, 137], [], [], [], [], [191], [37, 165], [], [39, 47], [], [], [], [], [128, 187, 192], [], [113, 120], [129], [], [15], [3, 127], [], [], [144, 146], [], [], [53, 75, 172], [], [], [8, 31], [], [145, 164], [155, 188], [], [], [], [125, 182], [36, 130], []],