{"HSI_cost": [[57898.1053954187, 10.35096973814148, 12805], [39136.44751081166, 3.6823621595159834, 12935]], "pms": [0, 0, 0, 0, 0, 0, 0, [0.32641534155034624, 0.4461542892442404], [0.6110592439378533, 0.5265840796390255], 0, 0, [0.6847518398216701, 0.475964827502011], 0, 0, [0.6211689316434847, 0.5449803924732557], [0.44612597921270547, 0.4879989466536333], [0.6106225875489317, 0.5447162509834705], 0, 0, 0, [0.3753915423726177, 0.4803260464749265], [0.6146442281940325, 0.5351737052153692], 0, [0.6039870803732079, 0.5448126669249554], 0, 0, 0, 0, [0.5921265167348847, 0.7204840223753843], [0.8167312417964103, 0.713455395630697], 0, 0, [0.6177562010538196, 0.5729928553941123], [0.6405660867839731, 0.53924822443905], [0.25561051246930805, 0.4443020653456089], [0.48774547897631426, 0.5566187609039082], [0.6558584501322271, 0.6160370397427704], [0.7294565417835619, 0.49520227005630973], [0.852009499448199, 0.3273284766836331], [0.5426733372589736, 0.6822002837249302], [0.7629260811743156, 0.685267923705343], [0.47679273458175947, 0.5236449731878247], 0, 0, 0, 0, 0, 0, [0.734914062684489, 0.5618941459783597], [0.7163998941790917, 0.7049988174564041], 0, 0, 0, 0, [0.40859068320058334, 0.6368479571178354], [0.7422104549750246, 0.5579519323030863], [0.7081811193647689, 0.5819736194123005], [0.5175137235066345, 0.8014783369970333], 0, [0.6993673085462198, 0.5528601275620181], [0.5151731020285759, 0.5873957075740749], [0.5366226448727902, 0.5630746706164672], [0.5144973767276105, 0.5846143714808079], 0, 0, 0, 0, 0, 0, 0, 0, [0.4743101156041221, 0.6969671291939095], 0, 0, 0, 0, [0.4631051655006614, 0.48756019661774963], [0.8185011266840523, 0.5269103702974215], [0.7747581786343496, 0.5127193369994107], 0, 0, 0, 0, 0, 0, [0.6960809235098588, 0.4604511217662164], 0, [0.659441151475222, 0.5161523784464448], 0, [0.27378022370660415, 0.6338454612509093], 0, 0, 0, [0.43429991255110517, 0.5369276693835208], 0, 0, [0.5553412931569941, 0.5947482872267389], [0.2868772063366453, 0.4938410875459143], 0, 0, 0, [0.5591461823470523, 0.6249638919481523], 0, 0, [0.6823677286050894, 0.6276229710137529], [0.5728002703799151, 0.5645803609671425], 0, 0, 0, 0, 0, [0.4599319794113321, 0.6022865142153094], 0, 0, [0.4490343874174724, 0.6247463508945386], [0.2823297226930385, 0.4863495405721225], 0, [0.6483218386014802, 0.6048157296991985], [0.6423475790589377, 0.4985646037008872], 0, 0, [0.3503076867992044, 0.6151950051117219], [0.49602408302623696, 0.5938357718030852], 0, [0.49797521295457986, 0.5973209011248817], 0, 0, [0.7380265561636299, 0.5117038319457351], 0, [0.8074151157323612, 0.46094751534411216], [0.3163967498420164, 0.487973252246762], 0, 0, [0.6717524915831332, 0.5644744036018233], 0, 0, [0.7804897903763395, 0.6520331792873765], [0.5800114363100024, 0.5629559856277431], [0.7505594098996797, 0.6367936163903501], [0.5078409338796428, 0.5859310399862565], 0, [0.7581800080630394, 0.5635647930685813], [0.6750356756540474, 0.5342487628352474], 0, 0, 0, [0.6104307529392692, 0.5794678621603618], [0.7067555991944304, 0.6059823859216552], 0, [0.362653260114258, 0.4846257960949224], 0, [0.34360407096508966, 0.4559836800408301], [0.7697916330962878, 0.48052093253107797], 0, 0, 0, 0, [0.717039371217001, 0.5727570851584278], 0, 0, 0, [0.7683198605150683, 0.478640524542012], 0, 0, 0, [0.7591454395581427, 0.6577629607609756], [0.5031469609686274, 0.5749932875484585], 0, 0, [0.7121337469282847, 0.564198842077345], 0, [0.34121580069534857, 0.491353889085524], 0, [0.5769875907853241, 0.7114775732254367], [0.7330771007205913, 0.6181500791614952], [0.7329280027129479, 0.7415368595236453], 0, [0.6412747565149739, 0.7403568033125026], 0, 0, [0.8515896182317233, 0.6650451353011517], 0, [0.3570248420697664, 0.46272295180365497], 0, [0.7400947164848403, 0.5558000553838538], [0.7675582741651628, 0.49815499752632963], [0.7982007190107029, 0.5322707045555624], [0.5834258735031779, 0.53492191844519], 0, 0, [0.5905614257661108, 0.5588070930144611], [0.7001448827051227, 0.4653370232249182], 0, 0, [0.8007839197861174, 0.39168476393906715], 0, [0.5573678510777309, 0.6428523797672908], 0, 0, 0], "vms_num": 200, "state": [[], [], [], [], [], [], [], [126], [132, 180], [], [], [7, 157, 166], [], [], [12, 71, 106], [186], [27, 66, 74, 169], [], [], [], [20, 65], [137, 168], [], [122, 130, 144], [], [], [], [], [145, 171], [44, 129], [], [], [109, 165, 167], [6, 41, 83, 121], [97], [32, 128], [125, 146], [155, 160], [59, 77, 195], [38, 102], [89, 118], [63, 187], [], [], [], [], [], [], [8, 21, 156, 172], [86, 163], [], [], [], [], [119, 199], [81, 189, 191], [47, 52], [70, 73], [], [85, 133], [46, 158], [2, 162], [90, 135], [], [], [], [], [], [], [], [], [154, 194], [], [], [], [], [45], [103, 192], [25, 30, 80, 185], [], [], [], [], [], [], [92, 110, 175], [], [69, 93, 197], [], [0, 4], [], [], [], [120, 148], [], [], [91, 111, 116], [67], [], [], [], [29, 140], [], [], [42, 193], [152, 196], [], [], [], [], [], [24, 99], [], [], [58, 123], [105], [], [16, 43], [5, 75, 138], [], [], [64, 112], [170, 198], [], [11, 15], [], [], [1, 13, 182], [], [55, 95, 124], [40, 149], [], [], [18, 88, 181], [], [], [33, 53], [79, 179], [22, 131], [17, 127], [], [26, 101, 143], [98, 142, 150], [], [], [], [37, 49, 113], [139, 159, 173], [], [36], [], [87], [3, 114, 134, 176, 190], [], [], [], [], [72, 76, 115], [], [], [], [84, 178, 184], [], [], [], [39, 54], [14, 68], [], [], [19, 141], [], [28], [], [153, 188], [117, 177], [78, 151], [], [51, 104], [], [], [136, 183], [], [31, 174], [], [9, 10], [23, 34, 94], [56, 96, 164], [35, 50, 108], [], [], [100, 161], [57, 61], [], [], [48, 82, 107, 147], [], [60, 62], [], [], []], "plan": [[178, 89], [138, 127], [71, 61], [143, 152], [102, 89], [172, 118], [24, 33], [125, 11], [8, 48], [153, 184], [191, 184], [157, 124], [16, 14], [76, 127], [22, 166], [170, 124], [142, 117], [52, 139], [35, 133], [68, 169], [127, 20], [20, 48], [88, 138], [58, 185], [21, 111], [187, 78], [143, 141], [62, 16], [151, 171], [86, 101], [155, 78], [98, 182], [80, 35], [22, 136], [168, 185], [95, 187], [144, 149], [118, 146], [177, 39], [154, 165], [26, 130], [15, 33], [128, 104], [137, 117], [141, 29], [97, 76], [158, 60], [12, 56], [121, 194], [117, 146], [124, 187], [125, 177], [85, 56], [36, 136], [158, 165], [98, 129], [42, 186], [197, 191], [119, 114], [57, 38], [10, 196], [7, 191], [182, 196], [179, 41], [160, 121], [37, 20], [6, 16], [175, 97], [121, 166], [28, 87], [160, 57], [109, 14], [164, 157], [176, 57], [132, 16], [3, 118], [118, 157], [85, 38], [191, 175], [128, 137], [97, 78], [23, 55], [71, 194], [10, 33], [88, 161], [180, 59], [65, 49], [46, 151], [59, 133], [25, 40], [179, 62], [108, 96], [39, 85], [41, 87], [56, 185], [180, 129], [157, 186], [117, 34], [107, 142], [145, 111], [192, 190], [154, 141], [33, 39], [145, 77], [36, 177], [148, 115], [84, 14], [119, 194], [72, 187], [66, 32], [53, 85], [106, 96], [195, 121], [177, 146], [195, 152], [110, 157], [165, 96], [103, 174], [168, 40], [107, 54], [74, 93], [139, 33], [69, 23], [104, 114], [28, 129], [121, 36], [105, 7], [52, 139], [190, 35], [113, 29], [23, 23], [119, 138], [93, 8], [156, 59], [5, 152], [81, 62], [1, 180], [86, 21], [178, 118], [26, 147], [118, 101], [77, 169], [10, 142], [17, 141], [71, 23], [15, 28], [95, 36], [158, 194], [180, 93], [113, 130], [135, 142], [156, 175], [21, 105], [196, 173], [151, 71], [101, 37], [112, 48], [97, 11], [126, 60], [152, 147], [19, 37], [73, 190], [6, 61], [158, 49], [14, 186], [65, 32], [62, 11], [179, 32], [193, 21], [38, 16], [19, 122], [33, 28], [53, 48], [64, 147], [103, 182], [128, 85], [189, 152], [163, 174], [190, 161], [169, 137], [38, 8], [98, 133], [198, 127], [104, 180], [192, 161], [192, 78], [92, 15], [31, 41], [83, 173], [132, 55], [121, 152], [69, 55], [23, 77], [183, 104], [140, 71], [83, 38], [20, 105], [123, 87], [158, 122], [193, 54]], "pms_num": 200,