{"HSI_cost": [[61003.6189577565, 30.071712409327723, 12935], [47155.76983939053, 18.759594583970166, 12870]], "pms": [0, [0.4184904627748469, 0.32793471036468214], [0.40634687642106626, 0.3565973453914381], [0.40924777039520654, 0.42941369955015773], [0.6936706657625412, 0.5341246122372889], [0.8462313205786248, 0.6986888932136046], [0.8768201062958076, 0.7051051327635434], [0.34207404229119354, 0.6716183570324913], 0, 0, 0, [0.6734270858602063, 0.5295003018026958], [0.5056834808748074, 0.5125591675453345], [0.3409912913117531, 0.4292154775511751], 0, 0, [0.25113288129534406, 0.26134158561952636], 0, [0.36042615786083687, 0.5444245206767706], 0, 0, [0.7597116879079385, 0.6031241316417404], 0, [0.5356375898979078, 0.5193908218424494], [1.104555547176527, 0.7206459803576443], 0, [0.35265165367646095, 0.4963750395322548], 0, 0, [0.3380987819002991, 0.526925054493929], [0.23068488910092766, 0.23597544812573418], 0, [0.4222815904627346, 0.39491959557497847], [0.4624932644753957, 0.510935704592636], 0, 0, [0.428616109170103, 0.419607698021154], 0, [0.1750854921928222, 0.17467300313876155], [0.4109293333322255, 0.5311883088075352], [0.40124098381104667, 0.5096997733804456], [0.34257357825889817, 0.489494907597284], [0.5484601521125014, 0.2877723040943851], 0, 0, 0, 0, [0.4672398759095848, 0.36922862052918437], 0, [0.40847906600596745, 0.35045487979341555], 0, 0, 0, 0, [0.42409704099149587, 0.5559425328020786], 0, [0.4656634547824935, 0.4734857506603427], [0.44395771069746287, 0.44865597310967503], 0, 0, 0, 0, [0.4046008502885333, 0.2747762783846394], [0.3994850331083118, 0.42376102468447197], [0.35571718910774014, 0.43816270193237095], 0, 0, [0.2124989405794881, 0.06514907750236454], [0.5534335699168732, 0.6980107472066777], [0.40857502449226457, 0.4743670558249625], 0, [0.2835706935003577, 0.47922612974507506], [0.5180703190957041, 0.289887768775982], [0.5381172917517868, 0.5043221132810661], [0.4990400212703493, 0.45774401071050574], 0, [0.8031150786854897, 0.6669419874182836], [0.5298341870797347, 0.6673461211833727], 0, [0.6495678278734902, 0.723896425641364], [0.33938864084382725, 0.41775320282600126], 0, 0, [0.13753804281061283, 0.43285799093096955], 0, [0.35011009106716384, 0.4337084829970479], [0.46112432557876354, 0.3796894773406845], [0.6069282387238779, 0.5382062914731572], [0.4592863200372754, 0.40923857317336865], [0.5334579430641084, 0.5098417517101558], [0.4263569650737747, 0.4183205040131496], 0, [0.5332857903223334, 0.6327413215245545], [0.43264660978217245, 0.42693765186099725], [0.618855076148008, 0.6654842735507125], [0.3895102587458962, 0.3841515101568075], [0.5266676852730763, 0.5083991229409063], [0.6717979771290776, 0.5982103608492348], [0.32519446698694776, 0.3945640903484542], [0.6818248739486401, 0.6525117117643194], 0, [0.36484812348910295, 0.5655037855007009], 0, 0, 0, 0, [0.307694280297148, 0.29489322475755314], 0, 0, 0, 0, [0.2511955514168669, 0.43618241150692816], [0.5723403661420396, 0.3776648710045418], 0, 0, 0, [0.5927507803394072, 0.5297376970367811], 0, [0.39510683862132107, 0.5031759568220959], 0, [0.5507933678232524, 0.5893231593834481], [0.01742843330003624, 0.24978208915655278], 0, 0, 0, 0, 0, [0.5084524944995861, 0.6373221252151706], 0, 0, 0, 0, 0, 0, [0.25144977611623237, 0.388184214371016], 0, [0.20335071237800317, 0.14003920421673813], [0.722634593533429, 0.5521491019056914], 0, [0.30808031434772903, 0.6320787721259387], [0.757204985351076, 0.6972334001712875], [0.5869606636384128, 0.5210131094166937], 0, 0, 0, 0, [0.4226098964480985, 0.6254430033200523], [0.5206031851249167, 0.5670845242637947], [0.3172163455630046, 0.31317360751094947], 0, 0, 0, 0, [0.3262524620679069, 0.4916286628375991], 0, 0, 0, [0.1663771725595331, 0.14167659218514664], [0.42270970412827924, 0.33557588442673436], [0.7541539073825947, 0.522213490668416], [0.4479610379048444, 0.5049986526770638], 0, [0.6832243706663769, 0.5078049219008481], 0, [0.28454576785004976, 0.4833352729554984], 0, 0, [0.6489313806333078, 0.47716307963669835], 0, [0.14940287470555652, 0.4307742696198251], 0, [0.04112075254945258, 0.15735469731695065], 0, 0, 0, [0.6001449541685238, 0.5570579499739723], [0.5610605088680063, 0.5876198196737197], [0.5022191858524332, 0.38893577325752804], 0, 0, [0.3126064824014137, 0.26249241315095106], 0, [0.2792617311787492, 0.3786032933156911], 0, [0.33934797403138983, 0.4785704772009859], [0.03201503973136316, 0.24152527854479228], [0.7425473122438706, 0.7061337461180419], [0.6416073821894823, 0.7548420242190118], [0.6052431274587462, 0.7301462516679417], 0, 0, 0, [0.5484086400444961, 0.35355273434747414], 0, [0.7228901225991307, 0.7648508561796019], [0.4989986521368122, 0.46029053080101134], [0.3216953065715983, 0.144511184320169], [0.33041718386778673, 0.4025645187790017], [0.1743075326198143, 0.1555782202005927], [0.7235403938937374, 0.5772887654792886]], "vms_num": 200, "state": [[], [71, 117], [115], [135], [147, 161], [104, 107], [8, 180], [36, 81], [], [], [], [23, 37], [27, 183], [3, 17, 137], [], [], [113], [], [43, 46, 89], [], [], [2, 77, 170], [], [73, 124], [87, 99, 100], [], [66], [], [], [0, 187], [69, 114], [], [38, 155], [19, 40, 164], [], [], [148], [], [12], [49, 61], [192, 195], [85], [76, 132], [], [], [], [], [28, 97, 129, 143], [], [78, 197], [], [], [], [], [96, 198], [], [34, 82], [5, 22, 79], [], [], [], [], [44], [68], [29], [], [], [41], [64, 103], [33], [], [182], [30, 31], [42, 181], [153, 176], [], [74, 121], [92, 102], [], [9, 65], [93], [], [], [119, 133], [], [75, 94], [110], [59, 173], [84], [32, 196], [141, 167], [], [90, 163], [194, 199], [88, 151, 160], [67], [146, 184], [11, 35, 86, 172], [111], [4, 15, 142], [], [55, 63], [], [], [], [], [177], [], [], [], [], [162], [95, 136, 140, 171], [], [], [], [14, 150, 169], [], [168, 178], [], [18, 158], [175], [], [], [], [], [], [7, 13], [], [], [], [], [], [], [139], [], [10, 123], [51, 54, 116], [], [98, 174], [47, 72], [6, 190], [], [], [], [], [26, 52], [62, 144], [157], [], [], [], [], [109], [], [], [], [185], [48, 127, 128], [45, 131, 193], [39, 58], [], [50, 134], [], [25], [], [], [53, 122], [], [125, 189], [], [106], [], [], [], [105, 186], [112, 118], [101, 149], [], [], [165], [], [188], [], [130, 191], [60], [126, 159], [166, 179], [108, 154], [], [], [], [70, 120, 152], [], [24, 57], [91, 138], [56, 156], [21], [20], [1, 16, 80, 83, 145]],