{"HSI_cost": [[59236.713072554536, 29.748025345344004, 12935], [41815.20707087939, 3.686315516721292, 13000]], "pms": [0, [0.5005499057204132, 0.5538940303356852], [0.7523229686672992, 0.7481599387771947], 0, [0.7756485466342037, 0.5745393764055279], [0.6126680999114502, 0.5746340631364746], [0.3272840747869462, 0.52154093912511], [0.5975659767090702, 0.5307647618513791], [0.5016044627696538, 0.6206608812224116], [0.7031024553398193, 0.6022302337632285], [0.6931450840732348, 0.4618230720757748], 0, 0, [0.39961561251738975, 0.47711968507454605], [0.3217266895945545, 0.589691111791332], [0.6737811827222284, 0.6020131074355881], [0.7243806499386585, 0.7069379890526166], [0.5632209338026084, 0.6277917730491213], [0.6219407237626184, 0.528692235370924], [0.7361479993068571, 0.44922527925151323], [0.6303774536193816, 0.4687255182263228], [0.6736340807392476, 0.5944101994488719], [0.6222698418054593, 0.7083480659549557], 0, 0, 0, 0, [0.511995368455437, 0.5557965736225774], 0, 0, 0, 0, 0, 0, [0.4350652071568219, 0.6251943455331813], 0, [0.4963322455322983, 0.5755053556160491], [0.360340509746999, 0.4888942494220847], 0, 0, [0.5490130747008762, 0.5291984489024502], 0, [0.5870891690059368, 0.5174732074725421], 0, [0.4507218360690111, 0.6500614384237888], 0, [0.7031344274952677, 0.5745163000582089], [0.6653206320672435, 0.6456377828359505], 0, [0.43996821710236156, 0.5616384281953459], [0.4868449462191822, 0.4889863470892345], [0.7931971709170245, 0.4402256795064998], 0, 0, [0.717541017642251, 0.5273855278684441], 0, [0.6976576594927982, 0.40032935655508656], 0, 0, 0, [0.7231455629780827, 0.6386988893349086], 0, [0.2691877875702421, 0.4602747738641842], [0.2699896244068004, 0.43842716416274086], [0.5703137164256337, 0.7594439190570758], 0, [0.6319909100873775, 0.5651515788257042], 0, [0.5843691383487708, 0.5314958197658369], 0, 0, 0, [0.7242949070289729, 0.47739686181029584], [0.5388285866651209, 0.5629100335591745], [0.39557415178275396, 0.6075954738066868], 0, [0.34904709613256213, 0.5546114354770593], [0.5938190520213582, 0.8162964457808812], 0, 0, [0.7083756383114874, 0.7657076001048149], 0, 0, 0, [0.27818282270544115, 0.5852418322108525], [0.6984789491648344, 0.42485475918124005], 0, [0.4143016509599565, 0.6438196724211958], [0.4009373243600009, 0.6787417466478256], [0.3928317091387617, 0.6132704776136804], 0, [0.6804637677458588, 0.5011213429186068], [0.4040996443054925, 0.5144053473227875], 0, [0.7205413080547275, 0.6425771788003543], 0, 0, [0.34596116728895027, 0.48664500200927185], 0, 0, 0, [0.3419480713769179, 0.6259021484872361], 0, 0, 0, [0.3131118476941227, 0.4745410999025276], 0, 0, 0, 0, [0.06423056030652158, 0.18941705544279494], 0, 0, 0, [0.6659307762349235, 0.6708828980745959], 0, 0, 0, 0, [0.6763412698059292, 0.5227773628059604], 0, 0, 0, 0, 0, 0, [0.33442776363183957, 0.4867159112007979], 0, [0.4847320872335202, 0.5527984670002021], 0, 0, 0, [0.5869256884634275, 0.7306301468799585], 0, [0.5054632058534856, 0.5850266188881499], 0, 0, 0, [0.7543881805107592, 0.6565154610432411], 0, [0.5609708673158156, 0.562587988345763], 0, 0, 0, 0, 0, 0, [0.8168995973909072, 0.7101674424594129], [0.7611374710024539, 0.6558887131273098], [0.539747910899725, 0.520951730893176], 0, 0, 0, 0, 0, [0.7795877843070456, 0.4648859046663215], [0.4444363524574049, 0.6368733737906653], [0.7104881643071319, 0.5890011485869211], 0, [0.5848366952460313, 0.6515703578922211], [0.7037887763504505, 0.5930643946419313], 0, [0.7224789038171933, 0.7060113955298114], [0.37331372230207016, 0.5472626801611564], [0.3621805774739928, 0.497101945218831], [0.2864760092657439, 0.556896715723673], 0, [0.45484435977994453, 0.5731551792334235], [0.7998423866632702, 0.7571062858446275], 0, [0.34322400900429495, 0.47042145537406677], [0.4998831006018627, 0.6035620175556582], 0, 0, [0.4279499590973685, 0.4879037350475346], 0, [0.3990751643680571, 0.6559755025540901], [0.6183401408523977, 0.6161662056863908], 0, 0, [0.6163779583224902, 0.6434058841568955], [0.6423419477932829, 0.6046472740829556], 0, 0, 0, 0, 0, 0, 0, 0, 0, [0.7090976603446667, 0.5321931720138176], [0.5285834816640662, 0.6406705198807905], 0, [0.7766859834414173, 0.4427596181211294], 0, [0.7100118574180194, 0.46020303889997594], [0.611125460394849, 0.6684592108122817], [0.7456700964732886, 0.7282155916374649], [0.5381606705212684, 0.6871534859709796]], "vms_num": 200, "state": [[], [133, 146], [10, 131], [], [30, 34, 57], [33, 83, 159], [2, 22], [35, 41, 120, 139, 198], [64, 171], [36, 176], [3, 126, 140, 179], [], [], [74], [4, 106], [105, 195], [46, 114], [0, 108, 190], [24, 111, 112], [13, 89, 138], [161, 162], [16, 49], [21, 42], [], [], [], [], [26, 55], [], [], [], [], [], [], [76, 150], [], [86, 148], [58], [], [], [93, 169], [], [1, 160], [], [143, 144], [], [44, 51, 125], [137, 158, 185], [], [135, 178], [90], [68, 91, 97], [], [], [8, 72, 128, 152, 170], [], [71, 117, 189], [], [], [], [32, 113], [], [56], [157], [66, 70], [], [29, 100], [], [48, 101], [], [], [], [84, 154], [52, 82], [31, 79], [], [65, 94], [142, 145], [], [], [28, 151], [], [], [], [99, 168], [39, 180], [], [6, 88], [7, 147], [141, 163], [], [5, 54, 73, 136, 182], [23, 63], [], [40, 77], [], [], [132], [], [], [], [156, 187], [], [], [], [62], [], [], [], [], [12], [], [], [], [20, 102], [], [], [], [], [107, 109, 191], [], [], [], [], [], [], [119], [], [18, 116], [], [], [], [59, 153], [], [69, 164], [], [], [], [47, 78], [], [95, 172, 197], [], [], [], [], [], [], [11, 37], [149, 165], [14, 87], [], [], [], [], [], [43, 67, 192], [75, 98], [124, 177], [], [174, 181], [115, 130], [], [17, 45], [123, 167], [166], [85, 186], [], [127, 184], [80, 155], [], [183], [19, 134], [], [], [121], [], [9, 118], [50, 175], [], [], [60, 173], [61, 81, 104], [], [], [], [], [], [], [], [], [], [110, 194], [193, 199], [], [92, 129, 188], [], [15, 53, 196], [38, 96], [27, 103], [25, 122]],