{"HSI_cost": [[61024.496068577566, 19.059998135468437, 12935], [40029.290145883955, 5.173180732875352, 12870]], "pms": [0, [0.5732778286140399, 0.6891750839663746], 0, 0, 0, 0, 0, 0, [0.4325924084751203, 0.5515358656032071], [0.6747434845858629, 0.5266952014983725], [0.7189130927259564, 0.6784136938228842], 0, 0, 0, [0.7165131486927812, 0.5253035867042637], 0, 0, [0.5107931825817733, 0.531713566205132], [0.771361799438157, 0.7569187918991324], 0, [0.6465972339895821, 0.6507798392177223], 0, 0, 0, 0, [0.6518644685500491, 0.6000599567688066], [0.5409694737447577, 0.5261442681699914], 0, [0.7076233336831537, 0.6253697425215381], 0, 0, [0.5348072088340987, 0.5838337533391447], [0.6143654742907576, 0.6112961204468307], [0.6476670506731004, 0.7506472897537295], 0, 0, [0.6693544066369848, 0.526304171738324], [0.5250178864620781, 0.6038506164676625], 0, 0, [0.45615731430670803, 0.5232754360728203], [0.5657872659969255, 0.6957402986496783], 0, [0.4146820116372861, 0.5668833572175408], [0.7190827639347941, 0.46267960712150646], 0, [0.8200211302975232, 0.5038458843956852], 0, [0.7559313666632419, 0.4193860818774779], [0.5231179676107587, 0.5303159536161187], 0, 0, [0.5778369577058395, 0.5345385141261375], [0.6700467006302444, 0.5294201432988972], 0, [0.784249499375356, 0.6184219203466492], 0, 0, 0, 0, [0.3085267308873242, 0.4796468440480367], 0, 0, [0.3901283178493056, 0.6638425734988299], 0, [0.40139383001620665, 0.5327730988749411], 0, [0.4746141601781002, 0.5294633722733917], 0, [0.4466619242307163, 0.5183255879784093], [0.5722599320625101, 0.575535047315604], [0.4089120776332363, 0.5015229063095269], [0.5772095923492901, 0.5364254595125333], 0, [0.5005949326676087, 0.5910392701999094], [0.6473847080328003, 0.5573080043515074], [0.7990173875433054, 0.38510947070787993], [0.3554299143671068, 0.5939611822909323], [0.5350235108810203, 0.6458813919052887], [0.5227558809008843, 0.5936355969921121], [0.4167405077710076, 0.5625394956383608], 0, 0, 0, 0, 0, [0.6459231438934867, 0.7774414423471351], [0.35256124981811526, 0.5359734715652584], 0, 0, [0.8980390850007071, 0.5938245412454324], [0.40566788749691, 0.47741942314281177], 0, 0, 0, 0, 0, 0, 0, 0, 0, 0, [0.4274430271130234, 0.49238650799998274], [0.7852781981177197, 0.6332807631909567], [0.6392542090395477, 0.5825163677443758], 0, [0.36363695333400986, 0.6492207438787648], 0, [0.6791417940423352, 0.6054093776722066], 0, [0.8262929928901077, 0.8230478750752774], [0.7691550144295891, 0.5532775289959262], 0, 0, [0.7368386519704331, 0.6088742822898976], [0.5806054599905021, 0.718675837100863], 0, 0, [0.7386852141073555, 0.6831691814236258], [0.7512810949620234, 0.5584458423351801], [0.7648250641591303, 0.8143995883815824], [0.7193581931064205, 0.5870780039049932], [0.5216436320458641, 0.613877908402549], [0.32468101050269405, 0.4593509778777923], [0.5205162332224058, 0.6591535321384875], 0, 0, 0, 0, [0.4740942242162497, 0.5341305607080395], 0, 0, 0, 0, 0, [0.2707163961142133, 0.4897871670082736], 0, [0.8226699142908354, 0.491609990039441], [0.5003443274357172, 0.5296683685601352], 0, 0, [0.6818677588509097, 0.4835579542539113], 0, 0, [0.4559923917734223, 0.4861604940027854], [0.7539689519892236, 0.4641132585720569], 0, 0, 0, 0, [0.2886588635141673, 0.6069227370818924], 0, 0, 0, [0.34712689374604944, 0.5352346295011301], 0, [0.7257925857738803, 0.4790732133434281], [0.597900795427971, 0.5908401881658525], [0.7094224757945747, 0.5148156620860638], 0, [0.8089564155547893, 0.7638793470697228], 0, 0, [0.6803502119500326, 0.7084383331993067], 0, [0.37753572852433, 0.5517993223842003], 0, 0, [0.5256512659148522, 0.5415678448297792], [0.9190081806930503, 0.6012850724188415], [0.8247220884292957, 0.7261172255409052], 0, 0, [0.40084960537860037, 0.5052466983015423], 0, 0, 0, 0, [0.4832356029282276, 0.7034862069959131], 0, [0.6424541123796081, 0.5572297219843434], 0, 0, 0, [0.36523081337730406, 0.4498864252663589], [0.7320800161483322, 0.8054433942288084], 0, 0, [0.3145797933328337, 0.4571655375135626], 0, 0, 0, 0, 0, 0, 0, [0.37568943764276025, 0.5442661574544599], [0.7629248055473494, 0.6852083658462362], [0.573436417929366, 0.74140558046726], [0.548624661636349, 0.7434624632946]], "vms_num": 200, "state": [[], [163, 168], [], [], [], [], [], [], [138, 167], [76, 154], [40, 61], [], [], [], [7, 112, 164], [], [], [58, 145], [89, 95], [], [50, 156], [], [], [], [], [122, 150], [17, 151], [], [152, 188], [], [], [20, 127], [134, 137], [117, 183], [], [], [64, 80, 139], [32, 135], [], [], [54, 155], [5, 157], [], [31, 96], [56, 69, 130, 131], [], [81, 118], [], [110, 125, 128], [13, 123, 177], [], [], [12, 78, 166], [9, 28, 114], [], [21, 98], [], [], [], [], [100, 160], [], [], [116, 191], [], [25, 173], [], [26, 147], [], [68, 132], [14, 148], [107, 141], [2, 120], [], [87, 136, 144], [49, 83, 88, 158], [55, 109, 126], [10, 71], [47, 52], [86, 91], [0, 97], [], [], [], [], [], [18, 33], [30, 53, 75], [], [], [176, 190], [106], [], [], [], [], [], [], [], [], [], [], [178], [3, 124, 193], [11, 34, 77], [], [165, 199], [], [36, 65], [], [84, 115], [48, 85, 169, 186], [], [], [44, 62, 74, 198], [43, 146], [], [], [93, 175], [22, 23, 94], [41, 45], [4, 39], [35, 57], [29], [15, 149, 174], [], [], [], [], [133, 197], [], [], [], [], [], [103], [], [8, 16, 113, 196], [46, 187], [], [], [51, 99, 102], [], [], [59, 90], [6, 27, 185], [], [], [], [], [63, 67], [], [], [], [142, 182, 192], [], [70, 143, 159], [72, 181, 189], [172, 180], [], [79, 195], [], [], [119, 153], [], [24, 92], [], [], [111, 162], [19, 42], [161, 171], [], [], [37, 140], [], [], [], [], [38, 105], [], [129, 194], [], [], [], [82], [101, 108], [], [], [60], [], [], [], [], [], [], [], [121, 179], [1, 73], [104, 184], [66, 170]], "plan": [[186, 80], [130, 197], [170, 72], [73, 103], [174, 121], [76, 41], [29, 145], [25, 14], [70, 137], [185, 53], [34, 77], [7, 104], [33, 52], [124, 49], [27, 70], [114, 124], [141, 137], [143, 26], [10, 86], [22, 169], [166, 31], [127, 55], [115, 119], [6, 119], [178, 165], [198, 65], [185, 67], [19, 145], [79, 53], [152, 123], [29, 87], [188, 43], [192, 37], [58, 86], [126, 104], [110, 122], [2, 108], [158, 173], [57, 178], [54, 121], [11, 10], [169, 120], [103, 169], [45, 115], [40, 114], [154, 120], [24, 138], [61, 78], [176, 111], [148, 75], [47, 20], [195, 141], [46, 78], [184, 87], [7, 40], [164, 76], [76, 44], [20, 122], [193, 17], [174, 144], [50, 188], [99, 10], [105, 114], [115, 150], [179, 36], [178, 108], [150, 199], [171, 150], [118, 69], [44, 44], [52, 156], [175, 77], [80, 157], [155, 197], [1, 114], [197, 87], [122, 9], [75, 104], [27, 52], [176, 160], [133, 36], [28, 46], [31, 184], [178, 75], [180, 110], [66, 111], [153, 79], [94, 74], [65, 75], [177, 18], [179, 144], [191, 79], [6, 165], [182, 118], [139, 119], [143, 18], [102, 43], [70, 80], [61, 55], [131, 141], [167, 60], [59, 185], [3, 141], [197, 135], [72, 198], [80, 178], [132, 91], [62, 71], [35, 185], [15, 76], [139, 48], [136, 168], [175, 14], [106, 137], [29, 53], [129, 110], [181, 63], [144, 33], [131, 46], [10, 163], [42, 72], [16, 196], [15, 25], [30, 49], [176, 103], [85, 48], [74, 76], [167, 31], [102, 48], [32, 180], [82, 44], [36, 44], [24, 69], [159, 129], [106, 32], [130, 37], [53, 74], [193, 32], [9, 8], [10, 36], [181, 173], [73, 71], [166, 154], [87, 156], [184, 74], [77, 17], [96, 115], [148, 67], [22, 70], [175, 124], [168, 25], [59, 26], [89, 28], [140, 163], [48, 9], [34, 40], [55, 20], [58, 41], [17, 75], [127, 156], [71, 60], [52, 170], [104, 168], [161, 1], [156, 14], [122, 106], [140, 52], [134, 8], [77, 1], [1, 111], [41, 199], [19, 170], [23, 158], [113, 65], [161, 124], [157, 118], [14, 90], [104, 49], [81, 102], [18, 196], [110, 158], [94, 157], [50, 154], [133, 33], [158, 198], [32, 145], [185, 111], [152, 138], [86, 28], [4, 157], [35, 90], [166, 63], [189, 154], [15, 103], [149, 180], [182, 160], [27, 137], [148, 129], [39, 114], [112, 106]], "pms_num": 200,