{"HSI_cost": [[57451.11624232508, 47.72153349309473, 12935], [38689.51417061171, 4.695666740232889, 12935]], "pms": [0, [0.6280045281574327, 0.5684191579354888], [0.7242388034595739, 0.48772118706564827], [0.7297087065495138, 0.5023385509053984], [0.8281850820188623, 0.6148085852137032], 0, [0.41795898855222857, 0.6460022639107033], [0.37813815932202294, 0.5916264919941394], 0, 0, 0, 0, [0.7050477569858289, 0.6106575609212779], 0, 0, 0, [0.6286005779468972, 0.7117068402285194], [0.6830968192559546, 0.589409618722688], 0, 0, [0.7514214173902827, 0.42218360765028107], 0, 0, 0, 0, [0.634077756546401, 0.7436233838182527], 0, 0, 0, 0, [0.5361951004377391, 0.5949671917158643], [0.6498106127576204, 0.7263034119232127], [0.6800427938565513, 0.6464769335231952], 0, [0.6556858811253171, 0.5938188632278405], [0.7087876126013196, 0.4604528764165493], [0.35162124901049996, 0.6696664436604197], 0, [0.4391642946991907, 0.551593824668757], [0.6350773889032639, 0.6206044112430094], [0.3754716646014087, 0.5630102518673855], 0, 0, [0.4972548390300626, 0.5815691293352983], 0, [0.5259191234673164, 0.6032258888687747], [0.6516422311472941, 0.5795581950499821], 0, 0, [0.6384282980512807, 0.6745374188229927], 0, 0, 0, [0.3790072109746728, 0.5559476023840327], [0.7768513842075965, 0.8267334054480184], 0, 0, [0.49493641769085417, 0.5371849808749749], 0, [0.41456329463760033, 0.6722465380794802], [0.8164641763120548, 0.774453017991815], 0, 0, [0.721241567343123, 0.754717960762388], 0, [0.6260284249869532, 0.6570126768422372], 0, 0, 0, 0, [0.7689267188850455, 0.4543980690913267], [0.8106768659132824, 0.6867289150401572], 0, [0.7437377421188784, 0.5338660856639099], 0, 0, [0.6118825626729618, 0.7141057538780218], [0.7348145907031338, 0.6629286687524285], [0.4920953715612738, 0.6385231779257677], 0, 0, [0.8488025422356258, 0.4425584874110988], 0, [0.8470760408189995, 0.6248168322734462], [0.7763569307785014, 0.5269347260303288], [0.7540007953626244, 0.6362217486951993], 0, 0, 0, 0, 0, 0, [0.2667147666004547, 0.4079160442399648], [0.3887217552099116, 0.6017524266972987], [0.4684188642478129, 0.6162490008745105], 0, [0.5371406036535844, 0.593352657765172], 0, 0, [0.3587402516114923, 0.6767737521915062], [0.5531310243017113, 0.6120320561061021], [0.7342711567548335, 0.4319123306271212], 0, 0, 0, 0, [0.7297194618610732, 0.7185436676312604], [0.7365209547403442, 0.5970929766400181], 0, 0, [0.7341003299663238, 0.6633534581678472], [0.7112380079737355, 0.5042521347622088], [0.3400101276417916, 0.42587228764951013], [0.5594629159616675, 0.6076108685184434], 0, 0, [0.6165645639900588, 0.6028406312960872], [0.7648051418722398, 0.6085972356262916], 0, 0, [0.7056122493509884, 0.6465053835929393], 0, [0.6939571915084981, 0.5729918838873749], [0.6655417843552254, 0.8083029309594899], [0.42076832315971857, 0.4833019194322862], [0.7180218257566908, 0.6669559356062164], [0.30205747312420717, 0.5478729524108056], 0, 0, 0, [0.5061212548657485, 0.6555450677929069], 0, [0.502628776416172, 0.5551677127465829], 0, [0.25004764993119943, 0.44510375044619727], 0, 0, 0, 0, [0.7081625944603582, 0.536274622084786], 0, 0, 0, 0, 0, 0, 0, 0, [0.7779870833129536, 0.5036456897044153], 0, 0, 0, 0, 0, 0, 0, 0, [0.6798909215905979, 0.7144897589876215], 0, [0.3658168766910761, 0.5238872194954582], 0, 0, 0, 0, 0, 0, 0, [0.6817294554416102, 0.6935800567112083], [0.746368398872058, 0.7383132193209441], [0.5567872962416807, 0.6850165706612475], [0.7696427511384667, 0.7555312172674322], 0, [0.6758102263136441, 0.5395866401200825], 0, 0, [0.14622820304358214, 0.24268659489500408], 0, [0.6684633982385263, 0.6080248831185714], [0.7130652527741184, 0.7148146809517579], 0, 0, [0.38871237399292513, 0.4620697870198023], 0, 0, [0.7560436268386697, 0.7007612047089752], 0, 0, [0.47072272948398486, 0.6127605104680611], 0, [0.6359457066157393, 0.698080599973465], [0.3193766049057012, 0.4828138738214729], 0, [0.7611658968194243, 0.3839474409156364], [0.7975636777758928, 0.7556526725478825], [0.5370069981503955, 0.5446330328842939], 0, 0, 0, 0, [0.5741956161032395, 0.5628720156459657]], "vms_num": 200, "state": [[], [8, 27, 61], [71, 105, 146], [70, 80], [13, 22, 103, 187], [], [131, 189], [135, 193], [], [], [], [], [82, 127], [], [], [], [197, 199], [54, 144, 148], [], [], [75, 150, 172], [], [], [], [], [34, 182], [], [], [], [], [24, 118], [17, 124], [35, 64, 100], [], [104, 141], [41, 109], [5, 46], [], [125, 183], [171, 198], [59, 115], [], [], [28, 122], [], [145, 179], [97, 121], [], [], [133, 159], [], [], [], [14, 43], [120, 188], [], [], [63, 161, 196], [], [39, 49], [73, 147], [], [], [11, 94], [], [26, 57, 169], [], [], [], [], [10, 60, 176, 178], [85, 87], [], [53, 111, 112], [], [], [102, 128, 173], [7, 101, 143], [155, 165], [], [], [86, 89, 96], [], [36, 74, 136], [52, 134, 157, 194], [108, 126], [], [], [], [], [], [], [107], [3, 69], [1, 162], [], [55, 153], [], [], [20, 190], [99, 163], [76, 119, 168], [], [], [], [], [0, 9], [31, 137, 158], [], [], [48, 58, 170], [65, 110], [139], [40, 114, 116, 129], [], [], [113, 166], [6, 50], [], [], [16, 45], [], [56, 72], [180, 184], [79, 81, 140], [12, 83], [21, 47], [], [], [], [77, 138], [], [37, 186, 192], [], [130], [], [], [], [], [51, 117, 156], [], [], [], [], [], [], [], [], [90, 95, 123, 177], [], [], [], [], [], [], [], [], [15, 106], [], [62, 142], [], [], [], [], [], [], [], [152, 160], [25, 32], [68, 151], [132, 181], [], [23, 78, 92, 164], [], [], [38], [], [4, 19, 67, 91], [66, 175], [], [], [42], [], [], [18, 185], [], [], [29, 88], [], [44, 93, 195], [191], [], [30, 33, 154], [84, 149], [167, 174], [], [], [], [], [2, 98]], "plan": [[147, 106], [112, 94], [188, 199], [30, 93], [24, 177], [89, 36], [75, 117], [4, 77], [92, 1], [33, 106], [191, 70], [16, 63], [125, 125], [187, 4], [39, 53], [199, 157], [24, 120], [33, 31], [165, 184], [138, 177], [107, 99], [10, 126], [95, 4], [134, 172], [1, 30], [71, 168], [130, 65], [28, 1], [119, 43], [51, 187], [177, 192], [73, 107], [91, 168], [31, 192], [28, 25], [8, 32], [186, 83], [117, 132], [99, 175], [91, 59], [139, 113], [80, 35], [76, 181], [168, 53], [179, 189], [113, 120], [161, 36], [87, 126], [126, 110], [172, 59], [148, 117], [3, 139], [70, 84], [36, 73], [3, 17], [154, 96], [169, 122], [38, 65], [173, 110], [193, 40], [12, 70], [142, 1], [17, 159], [13, 57], [35, 32], [199, 111], [81, 178], [10, 177], [20, 169], [64, 93], [21, 3], [78, 2], [142, 122], [117, 60], [181, 83], [179, 20], [71, 101], [118, 130], [41, 172], [32, 124], [44, 3], [102, 124], [168, 12], [158, 125], [169, 193], [92, 71], [64, 81], [198, 71], [92, 187], [98, 81], [164, 148], [163, 177], [57, 172], [14, 189], [159, 63], [8, 148], [163, 81], [9, 46], [65, 199], [177, 100], [72, 32], [9, 77], [22, 76], [54, 4], [187, 34], [32, 2], [11, 157], [17, 92], [87, 85], [186, 35], [35, 111], [7, 73], [86, 73], [35, 116], [57, 113], [102, 40], [7, 113], [184, 139], [53, 30], [46, 101], [45, 54], [7, 46], [7, 43], [110, 148], [180, 31], [52, 38], [102, 85], [195, 12], [150, 76], [77, 113], [125, 134], [93, 6], [1, 170], [178, 49], [6, 84], [106, 7], [173, 83], [57, 107], [26, 130], [197, 112], [1, 124], [150, 34], [178, 159], [34, 77], [68, 17], [147, 45], [188, 2], [16, 60], [196, 17], [0, 193], [93, 20], [165, 169], [26, 167], [157, 96], [156, 192], [166, 78], [130, 139], [188, 84], [14, 107], [93, 49], [43, 167], [194, 57], [90, 94], [51, 100], [105, 172], [170, 78], [197, 116], [97, 194], [191, 101], [12, 65], [93, 110], [111, 39], [176, 20], [155, 76], [46, 194], [36, 178], [24, 70], [138, 148], [194, 70], [81, 45], [0, 123], [41, 170], [15, 25], [71, 38], [18, 123], [29, 184], [112, 132], [137, 4], [54, 54], [168, 6], [19, 99], [15, 190], [113, 132], [68, 7], [34, 84], [16, 189], [25, 57], [136, 16], [58, 39], [83, 16]], "pms_num": 200,