{"HSI_cost": [[55652.18134148847, 45.393545422349646, 12935], [43144.403563830005, 6.55533797062989, 13000]], "pms": [[0.7914770298145117, 0.5581071159829086], [0.7430731971862377, 0.6614159467696807], [0.32473107535226436, 0.409301154652028], 0, [0.29649123251834336, 0.437548064749128], [0.5023296912230992, 0.5793819847766936], [0.27952119978641987, 0.2736301507630634], [0.5372911967910821, 0.6773445464662731], 0, [0.7767883895747951, 0.647094768689809], [0.4855920578718609, 0.6191913529776467], 0, 0, 0, [0.7865880461399086, 0.5837783529674948], 0, [0.4444273030021912, 0.4773075226064327], 0, [0.6120904029024982, 0.7763740029035472], [0.6075888246531918, 0.6145853263461933], [0.45311143014283234, 0.5011207110330809], [0.0861019241414448, 0.18093834742429513], [0.4501958564943998, 0.38632032273720956], 0, [0.2857016474241342, 0.4504272019286876], [0.17764765035950225, 0.18071015525509665], 0, [0.7682674897878758, 0.7922722017459667], [0.5475818568244217, 0.6604749732740083], [0.47360496144597414, 0.4142241354015235], 0, 0, 0, 0, [0.6069293430166854, 0.4428103024512027], [0.6332418004018927, 0.4690003601811863], 0, 0, 0, [0.4107148556951614, 0.5146721081960106], [0.7725578175007749, 0.6743546162571177], [0.7901007164115347, 0.6314835763204016], [0.8340949364489042, 0.4168207618575859], [0.8101313345778323, 0.6973026577713094], [0.6681432551939268, 0.658072167411061], [0.6744731098165752, 0.837578314391398], [0.44206252307076677, 0.4541925219643729], [0.2893774601239505, 0.21089221635981178], [0.28819435070805915, 0.3500207989164761], 0, [0.611514352203072, 0.5326011237341456], [0.7998467807407164, 0.6932608374043547], [0.08892658376280982, 0.11235975732916875], 0, [0.7329706945738499, 0.502035495849613], [0.41807905824938224, 0.5767134253959278], 0, 0, [0.5191908230338662, 0.41178795898780907], [0.14558671901164105, 0.22789404546349068], 0, [0.4979546477892405, 0.4049430289837953], [0.4227296971858964, 0.3925440224181841], 0, 0, 0, 0, 0, [0.9370237683788958, 0.5404194860664485], 0, 0, 0, 0, [0.5190225478916297, 0.6163877056621296], 0, 0, 0, 0, 0, [0.7091939315662634, 0.637594406359383], 0, 0, 0, [0.7386936704203015, 0.7882291070833123], [0.5833911083459324, 0.6663258772526421], 0, 0, 0, 0, [0.48888578508467284, 0.2619808199203275], 0, 0, [0.3304719341813838, 0.5762517120024994], [0.7739757311853053, 0.5586579309193062], 0, 0, 0, 0, 0, 0, [0.6446942975584953, 0.3685056595818324], 0, 0, [0.17825946725097952, 0.44924496094636107], [0.0627816968225719, 0.09614330397747106], [0.45200126333827223, 0.27447927367547786], 0, [0.6665728708050038, 0.801127400093913], 0, 0, [0.6657338022830455, 0.5708528569169813], [0.5346390903737375, 0.59835079315839], [0.48187055966496906, 0.4518023830285352], [0.4905174681371741, 0.4391840324791817], 0, 0, 0, 0, [0.4238430434312961, 0.32729948774038087], 0, 0, 0, 0, 0, [0.25267764674019844, 0.4235169342239984], [0.8267280426591318, 0.7940295604269159], 0, [0.8941892441407581, 0.6843086813759525], 0, [0.5909890830636759, 0.6713881989187456], 0, 0, 0, [0.5465365289408066, 0.5668865647251011], 0, [0.03695689449788525, 0.24310458972885024], 0, [0.5920590463228865, 0.2986380742080309], 0, 0, 0, [0.7616886328042016, 0.8834021884643781], 0, [0.4032306445060313, 0.4693583188445133], 0, 0, [0.5368093859097947, 0.5917587862758045], 0, 0, [0.24186920662396966, 0.03749109880641882], [0.7817044057430165, 0.8003150285813452], [0.21085453361189221, 0.20445345650119856], 0, [0.43811578310976734, 0.6218593114101479], [0.49573070032787087, 0.4151396426412574], [0.7072838885022152, 0.606853988560801], 0, 0, 0, 0, 0, [0.40058104585434257, 0.6380009005584089], [0.8696612529481158, 0.767806255784969], 0, [0.6510336591763374, 0.6792574327347718], [0.48331840407420446, 0.5718894695649894], [0.7409222664981834, 0.8755570789497499], [0.3858404061610607, 0.28569660789862034], [0.5668715631496274, 0.53065710924356], 0, [0.3941453986484997, 0.47415198230315414], [0.6234836871041503, 0.8201376326345007], 0, 0, 0, 0, 0, 0, 0, [0.6755400320362066, 0.8760879264193102], 0, [0.31863550090095116, 0.536826893913184], 0, 0, [0.03629105238740338, 0.2026592807583795], 0, [0.21534164003881606, 0.2114381748438123], 0, [0.1736410242238552, 0.2948055072469534], 0, 0, [0.48912707606542033, 0.47933790291364375], 0, [0.23276746361241318, 0.020956385147826384], [0.5234239504821719, 0.34353575506777484], 0, [0.6405776952061951, 0.5875251624497528], [0.6096890675844786, 0.7268550086035936], 0, [0.8242109846293408, 0.5267321965320583]], "vms_num": 200, "state": [[92, 113, 159, 161], [93, 176], [26], [], [147], [30, 52, 53], [43, 102, 111], [16, 123], [], [14, 82], [156, 173], [], [], [], [4, 157], [], [29], [], [44, 197], [17, 167], [118, 127], [99], [23, 49], [], [96], [116], [], [38, 101], [59, 187], [65], [], [], [], [], [91, 129], [80, 171], [], [], [], [72, 79], [7, 62], [78, 149], [73, 85, 186], [192, 193], [152, 185], [0, 141], [25, 158], [88, 100], [9, 124], [], [12, 61], [122, 166], [48], [], [15, 108], [36, 175], [], [], [98, 110], [86], [], [97, 106, 168], [51, 184], [], [], [], [], [], [66, 112, 134, 146, 151], [], [], [], [], [105, 150], [], [], [], [], [], [103, 169], [], [], [], [20, 136, 170], [104, 180, 195], [], [], [], [], [1], [], [], [57, 76], [5, 56, 177], [], [], [], [], [], [], [67, 68, 90, 140, 188], [], [], [63, 162, 190], [133], [181], [], [126, 183], [], [], [2, 155, 178], [39, 95], [87], [37, 174], [], [], [], [], [189], [], [], [], [], [], [13], [64, 130], [], [42, 194], [], [47, 148], [], [], [], [27, 128], [], [41], [], [71, 138], [], [], [], [8, 132], [], [18], [], [], [35, 84], [], [], [107], [28, 32, 164], [120], [], [10, 83, 89, 191], [109, 139], [6, 11, 45], [], [], [], [], [], [121, 131], [81, 199], [], [115, 145, 179], [22, 182], [55, 142, 196], [143], [50, 144, 160], [], [70, 125], [3, 21, 24, 60], [], [], [], [], [], [], [], [74, 75, 137, 198], [], [34, 163], [], [], [153], [], [69], [], [58, 94], [], [], [31, 114], [], [117], [19, 119, 172], [], [33, 154], [40, 77, 165], [], [46, 54, 135]],