{"HSI_cost": [[58335.580629078264, 96.42401515853481, 13000], [40467.34768379024, 6.87488305482082, 12805]], "pms": [0, 0, [0.38440934637188984, 0.47920165850776675], [0.4607047963521552, 0.5308958633514191], 0, [0.7846409388626752, 0.6790391290354441], [0.746899018422171, 0.8035963299638917], 0, 0, [0.5511490598219693, 0.6881775430090769], 0, [0.6175161096858456, 0.415112298241689], [0.5949093623161819, 0.5752123118471549], 0, 0, [0.8382072415682527, 0.6969907002005749], 0, 0, 0, 0, 0, 0, [0.47630268714480684, 0.4824430770372982], [0.6770872841818615, 0.5040922284317592], [0.8348822354942331, 0.7744491965972096], [0.712296895708262, 0.6879494887543718], [0.7794605459392256, 0.7325615477676981], 0, [0.6168228895104614, 0.6466602362102825], 0, 0, 0, 0, 0, [0.4701317774363866, 0.5386409871466333], [0.8625001406778046, 0.7753156951778435], 0, [0.7423955073713491, 0.8545337794162271], 0, [0.47052661196125567, 0.6712580153454654], 0, [0.40193418176499485, 0.5839334643180071], 0, [0.6011271028284704, 0.5951776491062235], [0.44607849340364797, 0.4780140353428036], [0.8885904579504124, 0.8060292847330247], 0, 0, 0, [0.3946411202567482, 0.6166549086790563], [0.6719868559541884, 0.6528222135376214], [0.7399893064463989, 0.6196153954472461], [0.37438813240502233, 0.5734312937318577], 0, [0.8321236332054176, 0.7645354601055924], 0, 0, [0.3290543588773537, 0.3704141893094667], 0, 0, 0, 0, 0, 0, 0, [0.5079755366467356, 0.5136218828067374], 0, 0, 0, 0, 0, [0.537418271312138, 0.5309083235384081], 0, 0, 0, [0.7613167294646049, 0.7195746137153425], 0, [0.06881035394259583, 0.27708560875882743], 0, 0, 0, 0, 0, [0.6350721392572736, 0.5477528026793661], [0.8414396557358107, 0.7367405115118641], [0.4586324548597911, 0.5499751179555704], 0, [0.5016221678469978, 0.3302425304253548], 0, 0, 0, 0, 0, [0.28951359256033665, 0.32811159315476757], 0, [0.6252068713988899, 0.5145118364885735], 0, 0, 0, 0, [0.49471301204115986, 0.4210140258970271], 0, [0.834133217054176, 0.6393657268101404], 0, 0, 0, 0, 0, 0, 0, 0, 0, [0.7956353337662161, 0.6699006413005215], 0, [0.5862229522025495, 0.4302007860548325], [0.5114174017397273, 0.466272428978588], [0.5692253320697211, 0.4853353876284855], [0.7220774236067948, 0.8712581427100519], [0.723109103916717, 0.7728500608733979], 0, [0.6943307383133471, 0.6170567986319253], 0, [0.42222522192051015, 0.3212441696521024], [0.45120509083542865, 0.4754550525016066], [0.3892372562890655, 0.5297831218057034], 0, [0.4843271484562769, 0.5193566302978008], [0.7039324352976037, 0.725013176175993], 0, [0.3146525500269855, 0.3133245682787297], 0, [0.4134424533106031, 0.48007964758071187], [0.4496695830874935, 0.4715618171875356], 0, 0, [0.5235460266898985, 0.5892041268160114], 0, 0, [0.7499046249797607, 0.5781083333032737], [0.35949423187028756, 0.44640846444946625], 0, 0, 0, 0, [0.29428583317818374, 0.2026860855238817], 0, [0.32678406024958545, 0.48121001211474146], [0.3393862647421485, 0.5871843503101087], 0, 0, [0.6731420228152012, 0.7310610163792969], [0.6899228244440917, 0.6673640763329656], 0, 0, [0.5595942783074205, 0.49208671025993916], 0, 0, 0, 0, [0.8367909880899042, 0.7778452578405883], [0.6325764378351575, 0.5610581695828503], [0.35889732049591616, 0.5329258420476681], [0.6335710803215067, 0.6273614402339442], 0, 0, [0.4916269884269846, 0.5600412919963266], [0.529380877799476, 0.5139982271905769], [0.18179199871555313, 0.23367575074047664], 0, [0.3633671858749919, 0.5801727944900695], [0.7414753276870081, 0.653075157638918], [0.6344761564108566, 0.6677854299049646], [0.43960043715034586, 0.5717756730713672], 0, [0.7822989185952665, 0.7701430942659819], 0, [0.4248570664988582, 0.5761299854189228], 0, [0.7188978415357246, 0.5019752348374843], [0.3845153663795783, 0.4397660383781586], 0, 0, [0.125664196515964, 0.2154149936729419], 0, [0.43630701278627354, 0.46757666651655294], 0, [0.509191979196201, 0.5411460488088106], [0.8408792583286867, 0.7887636870657236], 0, [0.14274630294606266, 0.3635591752306805], 0, [0.39319289949870295, 0.6801243054775699], 0, [0.4719847197505231, 0.48379776684718107], 0, [0.8178199464073376, 0.469209153476722], [0.48197086577063564, 0.5490644957980761], [0.8079935244724572, 0.7111241012845467], [0.5608296844172787, 0.4257034666969172], 0], "vms_num": 200, "state": [[], [], [81], [24, 56, 91, 117], [], [35, 71, 123], [87, 154], [], [], [20, 100, 131], [], [88, 111], [7, 86], [], [], [11, 180], [], [], [], [], [], [], [173], [32, 126, 193], [0, 94], [149, 169, 171], [34, 52], [], [95, 166, 191], [], [], [], [], [], [66, 93], [99, 192], [], [72, 79], [], [46, 141], [], [49, 159], [], [153, 157], [48], [38, 60, 164, 167], [], [], [], [155, 184], [26, 78, 109], [17, 63, 114], [45, 142], [], [43, 61, 175, 182], [], [], [15, 90, 198], [], [], [], [], [], [], [], [16, 30], [], [], [], [], [], [147, 158], [], [], [], [28, 29, 125], [], [37, 136], [], [], [], [], [], [98, 121], [82, 197], [107, 187], [], [47, 51, 163], [], [], [], [], [], [129], [], [19, 25], [], [], [], [], [1, 6], [], [12, 13, 54, 179], [], [], [], [], [], [], [], [], [], [23, 165], [], [27, 151], [113, 134], [55, 137], [80, 140], [106, 185], [], [42, 74], [], [41], [59, 105, 188], [92, 124], [], [4, 108], [96, 156], [], [73], [], [58, 174], [2, 69, 104], [], [], [194, 195], [], [], [97, 120], [168, 177], [], [], [], [], [40, 76, 84], [], [115, 128], [65, 178], [], [], [83, 102, 199], [22, 53], [], [], [8, 101], [], [], [], [], [64, 160], [70, 150], [5, 57], [36, 75, 181], [], [], [135, 152, 172], [68, 189], [110], [], [33, 176], [9, 196], [39, 112, 139], [31, 103], [], [85, 170], [], [44, 183], [], [148, 190], [122], [], [], [3, 132], [], [50], [], [144, 146], [21, 130], [], [89, 138], [], [127, 145], [], [14, 18], [], [67, 116, 162, 186], [62, 133], [118, 143], [10, 77, 119, 161], []], "plan": [[175, 24], [75, 100], [128, 132], [153, 182], [60, 126], [93, 161], [196, 100], [79, 12], [68, 154], [160, 170], [81, 198], [104, 15], [75, 102], [106, 102], [31, 193], [68, 57], [47, 65], [62, 51], [55, 193], [13, 95], [184, 9], [16, 187], [64, 151], [62, 112], [33, 3], [100, 95], [148, 50], [45, 114], [189, 75], [161, 75], [55, 65], [137, 172], [94, 23], [189, 169], [151, 26], [46, 5], [15, 162], [10, 77], [166, 45], [193, 171], [143, 144], [59, 122], [173, 120], [124, 54], [82, 176], [186, 52], [161, 39], [161, 87], [18, 44], [170, 41], [193, 184], [97, 87], [94, 26], [3, 151], [180, 102], [178, 116], [23, 3], [167, 161], [126, 131], [33, 123], [189, 45], [9, 54], [179, 196], [126, 51], [196, 159], [150, 147], [138, 34], [12, 195], [140, 166], [129, 132], [191, 160], [97, 5], [54, 37], [14, 129], [68, 120], [117, 162], [49, 144], [183, 198], [123, 50], [24, 37], [143, 117], [59, 2], [198, 84], [133, 150], [159, 144], [60, 174], [10, 12], [171, 6], [84, 11], [40, 189], [136, 57], [187, 3], [12, 124], [110, 34], [97, 24], [170, 28], [73, 127], [28, 138], [197, 83], [172, 35], [175, 9], [132, 154], [163, 150], [40, 172], [185, 132], [157, 123], [174, 118], [27, 85], [33, 126], [193, 50], [197, 167], [167, 11], [130, 171], [72, 115], [141, 51], [62, 146], [107, 195], [88, 3], [30, 197], [136, 198], [81, 138], [116, 83], [143, 179], [63, 5], [129, 124], [17, 75], [4, 23], [32, 191], [29, 146], [199, 93], [114, 187], [54, 9], [157, 182], [150, 196], [172, 115], [91, 165], [188, 77], [140, 116], [117, 189], [197, 171], [137, 117], [24, 39], [168, 52], [177, 197], [169, 186], [29, 191], [30, 186], [135, 71], [45, 178], [35, 25], [41, 160], [138, 114], [160, 165], [107, 43], [83, 6], [26, 49], [83, 127], [180, 43], [150, 71], [194, 41], [112, 159], [66, 198], [121, 195], [190, 87], [95, 45], [174, 112], [74, 28], [31, 45], [141, 139], [16, 25], [152, 174], [94, 25], [125, 165], [191, 22], [110, 131], [67, 54], [136, 169], [34, 139], [151, 147], [115, 102], [13, 15], [194, 162], [117, 54], [17, 176], [127, 49], [176, 118], [79, 195], [36, 85], [76, 123], [151, 166], [20, 178], [56, 28], [1, 35], [69, 23], [21, 135], [14, 135], [176, 170], [4, 84], [117, 57], [103, 150]],