{"HSI_cost": [[57895.82000064233, 39.02193230454505, 13000], [40027.632488385, 3.870207761556401, 12870]], "pms": [0, 0, 0, 0, [0.8053616769063712, 0.6962337843166748], [0.758727772649124, 0.6709914937617193], [0.4851632553043177, 0.4978501885977887], [0.32663160698492394, 0.4783790882092316], [0.8705124767018555, 0.5976703950874145], [0.7188777407660603, 0.713521849026413], [0.7039991727633945, 0.6422731361449752], [0.577417494427384, 0.6558263164840914], [0.4910966321521463, 0.5728604974075213], [0.6299398229948096, 0.8775239859357766], 0, [0.6418309880087734, 0.6183039082654402], 0, [0.34715686362169984, 0.5752812494600532], 0, 0, 0, 0, [0.689847225263849, 0.4359377919334661], [0.4335760945079958, 0.6243912285090673], [0.4390985699686761, 0.579361739595821], [0.8120881745264008, 0.35052331201729764], 0, 0, 0, [0.5966003357028502, 0.7218849385414045], 0, [0.3593230303766339, 0.568544559343541], [0.8012431570235864, 0.6388035741715691], [0.43584023950032824, 0.6185435507872619], [0.361739844501779, 0.48767115469351197], 0, 0, 0, 0, [0.45101765386895387, 0.5557332678287599], 0, 0, [0.7012251098453159, 0.7473373301690608], 0, [0.5218787249166353, 0.598840640795886], 0, 0, 0, [0.4490487882822733, 0.5963526453875573], [0.7568446542182321, 0.6370295964579471], 0, 0, [0.5820113922406158, 0.605276502485484], [0.4479962460842346, 0.5589185488339492], [0.6970451715179641, 0.586564668459141], [0.7389682456374906, 0.5038001069634073], [0.4667621887357802, 0.5920499017932177], 0, 0, [0.49156597428380555, 0.6459883132710034], [0.7003157928627153, 0.5005619074895041], 0, 0, 0, 0, [0.3711789714321055, 0.5962993784463876], [0.4265480579358749, 0.6717824613245917], [0.5458731755392655, 0.7124870813222172], 0, 0, [0.5673824903472727, 0.5997221936427304], 0, 0, [0.6989032214540325, 0.5466765318190657], [0.49153694824755984, 0.5908115026671003], 0, 0, 0, 0, [0.4467243372112348, 0.6162802131232599], [0.6139102945795276, 0.5759132824953973], [0.7676540846479278, 0.44395655188662453], [0.49458792739437785, 0.6203738780405841], 0, [0.6155574592888529, 0.5422175858409776], 0, [0.5769565798126648, 0.5768002484714887], 0, [0.4943504672890229, 0.5861025126390814], [0.6809531919329032, 0.4632127136944238], 0, 0, 0, [0.6528765183071312, 0.4605067107817401], 0, [0.5184678286559754, 0.6296966169936902], [0.5248958898146661, 0.6015598891275051], [0.6607954969535542, 0.5210595571973741], [0.7490659470131504, 0.40434527252808555], 0, [0.3486169732615253, 0.4773188786935577], [0.5078246838706091, 0.6165559273005696], 0, 0, 0, [0.3639369854656261, 0.5133977595331988], 0, [0.49564964863583416, 0.6374410943308331], 0, 0, 0, 0, 0, [0.5270918789706771, 0.617059845584288], 0, [0.6568410945387033, 0.5540172016927178], 0, 0, [0.562511156485806, 0.5896167094404804], 0, [0.6127095955451961, 0.6476645582755575], 0, 0, 0, 0, 0, [0.6115031667528132, 0.5859086814324839], 0, [0.6600189536252677, 0.7825058197892443], [0.4122868138788263, 0.6400897491109436], 0, 0, [0.6509350031873158, 0.5022659538271127], 0, 0, [0.32282292757046244, 0.7235450670982014], 0, 0, 0, [0.6743520820676386, 0.5493980814020686], [0.3779896644922689, 0.49817556984410694], [0.680659808895095, 0.4484294188175735], 0, 0, 0, 0, 0, 0, [0.5093621536765418, 0.6490829766202845], [0.8365130664345588, 0.7340110690642843], [0.7128521706006179, 0.63575654374946], [0.7968328016627444, 0.6100400522717507], 0, 0, 0, [0.3766240713865105, 0.5576877970911741], [0.7393818598851769, 0.4592830833627574], 0, [0.6020729598890409, 0.6521320559443918], 0, [0.47179740174599233, 0.6126837475566896], 0, 0, 0, 0, 0, 0, 0, 0, 0, 0, [0.6699462662199714, 0.576612988098625], 0, [0.552184636433037, 0.5822939382799015], [0.7366138414712304, 0.47043368250511297], [0.4332825658982986, 0.5486612182046942], 0, 0, 0, [0.714031157511316, 0.540280905086344], 0, [0.6560157712949586, 0.6351745608120154], 0, [0.5978193901873178, 0.5962857409828713], [0.8077609894792911, 0.39972294837125194], [0.32745910874825035, 0.4895019190900802], 0, 0, 0, 0, 0, 0, 0, 0, [0.6422735360853429, 0.5317081823501112], [0.6216726043918996, 0.47088079070169275], [0.6166346680639851, 0.6069092610945362], [0.5967265412001539, 0.49847450562789963], 0, 0], "vms_num": 200, "state": [[], [], [], [], [70, 85], [124, 141], [75, 166], [146], [82, 102], [101, 191], [23, 194], [4, 177], [100, 112], [39, 135], [], [96, 164], [], [38, 71, 189], [], [], [], [], [58, 72], [54, 87], [130, 179], [86, 103, 168, 178], [], [], [], [92, 123], [], [131, 188], [83, 114], [63, 121], [127], [], [], [], [], [24, 95], [], [], [0, 21], [], [139, 155], [], [], [], [1, 119], [13, 184], [], [], [15, 49], [6, 187], [8, 117, 173], [16, 47, 97, 163], [128, 133], [], [], [138, 171], [10, 122, 183], [], [], [], [], [32, 193], [42, 80], [17, 61], [], [], [31, 64], [], [], [5, 180], [98, 105, 165], [], [], [], [], [115, 152], [62, 142], [55, 79, 143, 181], [29, 157], [], [51, 160], [], [45, 94], [], [174, 192], [41, 66], [], [], [], [27, 198], [], [113, 153, 159], [140, 158], [19, 60], [116, 149, 182, 195], [], [52, 84, 126], [35, 148], [], [], [], [91, 150], [], [25, 176], [], [], [], [], [], [9, 199], [], [18, 59, 108], [], [], [37, 68], [], [34, 74], [], [], [], [], [], [104, 151], [], [69, 170], [90, 154], [], [], [28, 33, 107], [], [], [3, 36], [], [], [], [111, 161, 197], [110], [20, 26, 30, 65], [], [], [], [], [], [], [12, 46], [11, 48], [67, 162], [144, 169], [], [], [], [172, 190], [14, 73, 93], [], [109, 156], [], [7, 118], [], [], [], [], [], [], [], [], [], [], [40, 136], [], [134, 137], [76, 120, 175, 185], [44, 56], [], [], [], [57, 88, 132], [], [53, 99], [], [147, 167], [22, 78, 81], [89, 125], [], [], [], [], [], [], [], [], [43, 77], [2, 50, 196], [106, 129], [145, 186], [], []], "plan": [[192, 42], [109, 48], [107, 195], [33, 135], [167, 11], [84, 73], [75, 53], [37, 160], [163, 54], [173, 113], [53, 60], [125, 149], [21, 148], [190, 49], [132, 156], [18, 52], [26, 55], [94, 67], [11, 115], [66, 97], [167, 141], [51, 42], [187, 184], [36, 10], [18, 39], [113, 107], [36, 141], [173, 93], [139, 132], [198, 82], [41, 141], [61, 70], [82, 65], [143, 132], [166, 120], [199, 101], [38, 135], [97, 118], [130, 17], [4, 13], [130, 171], [194, 89], [160, 66], [185, 194], [8, 175], [168, 86], [164, 148], [149, 55], [78, 149], [69, 52], [9, 195], [193, 84], [0, 100], [15, 181], [19, 23], [2, 81], [63, 175], [163, 179], [78, 22], [42, 115], [53, 97], [38, 67], [77, 80], [199, 33], [165, 70], [191, 141], [142, 89], [6, 150], [120, 118], [140, 128], [6, 4], [136, 17], [60, 22], [120, 156], [198, 120], [48, 6], [108, 174], [198, 194], [175, 184], [107, 81], [32, 66], [18, 184], [111, 8], [198, 32], [96, 100], [170, 4], [74, 25], [175, 23], [94, 179], [6, 185], [35, 129], [82, 105], [118, 29], [114, 156], [129, 86], [85, 39], [72, 15], [21, 55], [1, 74], [158, 181], [10, 12], [140, 9], [149, 8], [183, 25], [141, 126], [73, 74], [34, 196], [160, 132], [23, 115], [129, 158], [190, 140], [165, 139], [127, 12], [95, 95], [121, 32], [102, 79], [187, 98], [65, 54], [79, 160], [63, 48], [61, 174], [106, 33], [52, 60], [77, 29], [185, 5], [121, 185], [63, 100], [180, 34], [169, 56], [73, 196], [157, 24], [66, 31], [123, 179], [30, 56], [14, 173], [42, 13], [130, 171], [11, 173], [77, 59], [43, 44], [67, 96], [45, 5], [191, 80], [60, 81], [103, 151], [27, 197], [165, 7], [126, 183], [88, 101], [50, 98], [41, 105], [191, 126], [174, 79], [107, 95], [26, 129], [176, 44], [90, 158], [181, 82], [188, 96], [7, 95], [39, 84], [35, 139], [44, 150], [76, 55], [83, 15], [194, 74], [12, 6], [71, 183], [38, 25], [188, 151], [159, 128], [17, 59], [5, 155], [34, 54], [52, 88], [141, 174], [70, 107], [3, 11], [22, 25], [199, 24], [55, 73], [121, 81], [50, 98], [192, 60], [189, 49], [60, 174], [65, 197], [153, 53], [90, 31], [33, 17], [168, 155], [92, 9], [17, 88], [110, 65], [1, 10], [163, 98], [164, 195], [132, 139], [143, 93], [61, 113]], "pms_num": 200,