{"HSI_cost": [[58328.0054877755, 8.850776526435265, 13000], [40906.513976515955, 5.009791960291776, 12805]], "pms": [[0.7485779835230354, 0.5820788677170675], [0, 0], [0, 0], [0, 0], [0.4464385289419008, 0.4950657301454971], [0.48602414175780917, 0.48474681651758056], [0, 0], [0.6893174361341845, 0.6911672948483808], [0, 0], [0, 0], [0, 0], [0, 0], [0.6346093947377854, 0.6310539062927695], [0.4264419360023465, 0.5787329271626751], [0.5957185986148477, 0.6278813899420282], [0.8131028621546721, 0.7550036775921364], [0, 0], [0, 0], [0, 0], [0.6415684124385721, 0.767946363319413], [0, 0], [0.8165614018937417, 0.4669232502523506], [0.3498164596072567, 0.4259532419849279], [0, 0], [0, 0], [0, 0], [0, 0], [0, 0], [0.6190370954529167, 0.4714594205225976], [0.6041643753648807, 0.5650979320320886], [0.2824343279200109, 0.42846604933446975], [0, 0], [0.3765141261437108, 0.48665085443557254], [0, 0], [0, 0], [0, 0], [0, 0], [0.23180294595285766, 0.5894178972572558], [0.2363945304102107, 0.5578593159473734], [0, 0], [0, 0], [0.8804559065084581, 0.5510262368090948], [0.40965094448321676, 0.41637022366587834], [0, 0], [0, 0], [0, 0], [0, 0], [0, 0], [0, 0], [0, 0], [0.3894384148082888, 0.44506729282952817], [0, 0], [0.5521988485492433, 0.5193516508374932], [0, 0], [0, 0], [0, 0], [0, 0], [0, 0], [0.5814064686698912, 0.6189634426246087], [0, 0], [0, 0], [0, 0], [0, 0], [0, 0], [0.4538281975915601, 0.5119357827415596], [0, 0], [0, 0], [0.6532557024701013, 0.5480129275112327], [0, 0], [0.41095900328879836, 0.49892884551169153], [0.5440279448824425, 0.5517688468497323], [0, 0], [0.4301807295573807, 0.5423307570786008], [0, 0], [0.4351868734205526, 0.43639482137737384], [0, 0], [0, 0], [0, 0], [0.804060075887815, 0.6029593203396666], [0.7809303741642897, 0.3755387366014197], [0.21062096339248665, 0.674851497529559], [0, 0], [0, 0], [0, 0], [0, 0], [0.6072299564377034, 0.39146762292000653], [0, 0], [0, 0], [0, 0], [0.5099081803229021, 0.4475282077108782], [0, 0], [0, 0], [0, 0], [0, 0], [0.35111433781949636, 0.48115583204720846], [0.5057651451669064, 0.4741049161386611], [0, 0], [0, 0], [0, 0], [0.3338247860792413, 0.5433705777212582], [0, 0], [0, 0], [0.3242564487741308, 0.49314351566771186], [0.6290673673221105, 0.5286322451401696], [0.33889112430905877, 0.5453475935628368], [0.8072909918547208, 0.5610571764253492], [0.8148787474252885, 0.49842555038683567], [0.5848996582636334, 0.6299569239429708], [0, 0], [0, 0], [0.7754149805162133, 0.7652470585781412], [0, 0], [0, 0], [0.523228929201738, 0.5515915185473271], [0, 0], [0.7365500426085525, 0.6202743206018998], [0.5083631700409119, 0.5285423082891287], [0, 0], [0.30065950444496276, 0.40080801155774376], [0.8204638023324041, 0.6463606124527832], [0.44731975015885744, 0.41434656313007745], [0.2075411916956793, 0.3635040445530956], [0.791221175551254, 0.6981732887715271], [0, 0], [0.7235617171479523, 0.5843342406203935], [0, 0], [0, 0], [0.6479745441067899, 0.4495838543991406], [0.5013217944018846, 0.41601699779535695], [0.2974054113650801, 0.5868992802741756], [0, 0], [0, 0], [0.4810692011692443, 0.45579368468479653], [0, 0], [0, 0], [0.8248240179260071, 0.5781795140259627], [0.11504417455013655, 0.4806507401245522], [0.6367954705277479, 0.5415141049592576], [0.5071640712933674, 0.4332332496032237], [0.7411125346725571, 0.6154610235492373], [0, 0], [0, 0], [0.4954357171823449, 0.44038988416935276], [0, 0], [0, 0], [0.5131111219202567, 0.41773785310156325], [0.867043557346044, 0.713899668846546], [0.5652049296257182, 0.5149393384076313], [0, 0], [0, 0], [0.6048731494849591, 0.5189952197333654], [0, 0], [0.6325284114834697, 0.4297343088852037], [0.5015461626515738, 0.4843743176906918], [0, 0], [0, 0], [0, 0], [0.5814605346699739, 0.4742800088215997], [0.6023313506641431, 0.4598278695663951], [0, 0], [0, 0], [0, 0], [0.508103811903386, 0.8138774892266885], [0, 0], [0, 0], [0.3200534544615272, 0.4763681406347866], [0.37201330218923945, 0.5978421256166577], [0.32749887257726534, 0.4222027394356497], [0, 0], [0.6492841791478305, 0.4681663623504233], [0, 0], [0.8923763111197586, 0.793462737306032], [0, 0], [0, 0], [0, 0], [0, 0], [0.6074539965201237, 0.6788260139535599], [0.7637571410953834, 0.6521699561954034], [0.5062154497288074, 0.44535548287684357], [0.3802183555574782, 0.4019285471346915], [0, 0], [0.3123229646362922, 0.5937238165165093], [0, 0], [0, 0], [0, 0], [0.6050654233381281, 0.611600933501185], [0.1997381574508359, 0.5281748886272872], [0.40815024976423064, 0.48917086123478226], [0.4012460072049679, 0.42353788677209303], [0, 0], [0, 0], [0, 0], [0.5806431645843586, 0.4956637636193053], [0.8294115999019642, 0.498956423968111], [0, 0], [0.5137310476769557, 0.522486018973195], [0.5895072407023099, 0.5402163169695935], [0.06838800709575121, 0.23305694038708133], [0, 0], [0.77571189531712, 0.6222752962591747]], "vms_num": 200, "state": [[8, 25, 108, 145, 154], [], [], [], [190], [56, 105], [], [107, 181], [], [], [], [], [46, 53], [22, 67, 86], [73, 161, 176], [85, 111], [], [], [], [9, 92], [], [40, 47, 84], [3], [], [], [], [], [], [41, 198], [69, 89], [55], [], [38, 51, 150], [], [], [], [], [102, 117, 125, 174], [39, 144, 177, 188], [], [], [6, 76], [184], [], [], [], [], [], [], [], [143], [], [23, 36], [], [], [], [], [], [44, 132, 189], [], [], [], [], [], [115, 124], [], [], [126, 160], [], [194], [104, 178, 185], [], [119, 171], [], [59], [], [], [], [21, 182], [49, 91, 199], [1, 64, 146, 172], [], [], [], [], [151, 156, 170], [], [], [], [164, 183], [], [], [], [], [79, 118], [65, 122], [], [], [], [33, 88], [], [], [147], [187, 192], [43, 137], [28, 136], [5, 12, 155], [42, 163], [], [], [77, 95, 148], [], [], [61, 138], [], [13, 15, 113, 166], [109, 173], [], [27], [63, 195], [165], [139, 186], [0, 35, 110], [], [58, 72, 162], [], [], [129, 167], [7, 24], [87, 101], [], [], [2, 75], [], [], [17, 32, 128, 180], [50, 116], [57, 98, 131], [100, 196], [83, 140, 142], [], [], [26], [], [], [93, 168], [29, 62], [48, 135], [], [], [31, 80, 153], [], [19, 112, 121], [66, 74], [], [], [], [103, 197], [37, 149], [], [], [], [10, 157, 158], [], [], [179], [52, 123], [78], [], [30, 94], [], [14, 99], [], [], [], [], [68, 120], [81, 134], [97, 175], [106, 141], [], [82, 159, 193], [], [], [], [34, 70], [11, 71, 191], [96], [16], [], [], [], [133, 152, 169], [20, 90, 114], [], [4, 127], [60, 130], [54], [], [18, 45]],