{"HSI_cost": [[58329.122204441424, 88.81320443842853, 13000], [36440.52653897426, 7.33657331359362, 12935]], "pms": [0, 0, [0.4590362640154519, 0.4835262715465899], 0, [0.8054068867895581, 0.6192414229547133], [0.6243328143106932, 0.5864017616408246], 0, 0, 0, 0, [0.34065874426472204, 0.6095377737264613], 0, 0, 0, 0, [0.5481750734986143, 0.671532985074428], [0.3224470690944755, 0.6030037702280844], 0, 0, 0, 0, 0, 0, 0, 0, 0, [0.5289850891901823, 0.5769841801858892], [0.5794271791637573, 0.5004341843744228], 0, 0, [0.7882161381783734, 0.52745248054027], [0.7362599876263529, 0.6324854824181481], 0, [0.8685588789138808, 0.4828263071683845], 0, 0, [0.583789787672552, 0.548527857654887], 0, [0.3056617902957244, 0.6199189841077635], [0.19982091954521786, 0.46529066397268165], [0.681282492970176, 0.709788548277967], 0, 0, [0.04859265075344216, 0.19277637841934803], 0, 0, 0, 0, [0.7046135495287629, 0.5135156101356115], 0, 0, 0, 0, 0, [0.6174626434921364, 0.6036281950145481], 0, 0, 0, 0, [0.5312397855492135, 0.4419915392417513], 0, [0.6612777111564891, 0.638161307417316], [0.7987532051410691, 0.5995793945910732], [0.5594261136645867, 0.4715396797563168], 0, 0, [0.38389662460169377, 0.4732760818713664], 0, 0, [0.8087209729448943, 0.7455880716613658], 0, 0, 0, 0, 0, 0, 0, 0, [0.7530532848160101, 0.6230129448894418], 0, [0.60968152050233, 0.5699537117931445], 0, [0.8981521751159898, 0.7123141496455607], 0, 0, 0, [0.6356318804546331, 0.6888353404984812], 0, 0, 0, 0, 0, [0.836776296546335, 0.456239562828322], 0, 0, [0.572364280683733, 0.561295615089539], [0.20964257506374218, 0.42054532921828003], [0.7517161279146793, 0.6912168192902655], 0, 0, 0, [0.46493054359874597, 0.5867667498233795], [0.42555833574382423, 0.5482169563450204], 0, 0, 0, [0.6699503082241999, 0.6815784996646852], [0.36561710010220355, 0.6547125871911722], [0.4995078916523911, 0.5512745498882848], 0, [0.28447884121893313, 0.5863697710310299], [0.7907048668413056, 0.47483629901943847], 0, 0, 0, 0, 0, 0, [0.7392750203325786, 0.772545813195562], [0.6702356589980247, 0.5578016988704786], [0.8365920913815006, 0.5974633126761215], 0, [0.43279461599255287, 0.5209370117366374], [0.6723760451478932, 0.5882890580138027], 0, 0, 0, 0, 0, 0, [0.6281725195212837, 0.6092687233632811], [0.44822911655041986, 0.48248784716938437], [0.5426014229833824, 0.644160825261535], 0, 0, [0.53437639367025, 0.5634060725520049], 0, 0, 0, [0.8104908240097616, 0.48813652569764177], 0, [0.7515794609288069, 0.5321852328241751], 0, 0, [0.5253612120209581, 0.4958855801813731], 0, [0.7247144610029616, 0.6322088684990823], 0, [0.6014028143932486, 0.651953740892472], [0.37078323239313826, 0.638445660113767], [0.7154449451477958, 0.5493927771323384], 0, 0, [0.5594260417464404, 0.6792773138199348], 0, 0, 0, [0.6207405768645264, 0.607133383744116], 0, 0, 0, 0, 0, [0.553759200515215, 0.607004975860424], [0.4810931913437986, 0.42418165695707966], [0.6574141026116247, 0.6466024762765941], [0.8762172822617424, 0.7203554358573152], [0.8351604450214325, 0.7874481378500897], [0.7810977658259881, 0.6553360469964984], [0.8228968899513107, 0.7232832723702013], 0, 0, [0.47855348998994784, 0.5310705088884714], [0.6493983285029914, 0.548487766686709], 0, 0, 0, [0.7748214862903469, 0.5612748295060273], 0, [0.633025706594001, 0.8545427596535697], [0.7258855284519393, 0.578399959470282], [0.797491356085185, 0.5703887228341422], [0.9263193775007537, 0.8090013727657454], [0.8079636464398983, 0.8415076033168781], 0, [0.4887717219412275, 0.679353867223845], [0.76753069747767, 0.77059504514238], 0, 0, [0.4910729945958167, 0.6617597995215047], [0.36930998527939435, 0.3958637177478658], [0.6677537899672767, 0.5725219443419123], 0, [0.6182041829390552, 0.6220114334655655], [0.45693274276864904, 0.4788143326078249], [0.4183683322784294, 0.49933933825997756], 0, 0, 0, [0.6030915358183431, 0.603728700802607]], "vms_num": 200, "state": [[], [], [26, 172], [], [80, 93, 131], [186, 194], [], [], [], [], [31, 163], [], [], [], [], [44, 136], [0, 110, 199], [], [], [], [], [], [], [], [], [], [155, 179], [27, 49, 139, 178], [], [], [111, 123, 173, 193], [122, 129, 189], [], [20, 105, 106, 162], [], [], [69, 130, 185], [], [34, 171], [30, 66], [157, 167], [], [], [68], [], [], [], [], [13, 72], [], [], [], [], [], [58, 147, 153], [], [], [], [], [90, 135, 143], [], [10, 146, 175], [61, 124, 158], [19, 70, 89], [], [], [11, 12], [], [], [3, 17, 196], [], [], [], [], [], [], [], [], [56, 142, 180], [], [54, 55], [], [133, 161], [], [], [], [5, 51, 128], [], [], [], [], [], [41, 127, 141], [], [], [76, 115, 181, 183], [137, 168], [102, 134, 190], [], [], [], [33, 88, 125], [8, 118], [], [], [], [148, 176], [45, 97], [91, 100], [], [60, 62], [59, 149, 182], [], [], [], [], [], [], [166, 195], [23, 67, 144, 177], [9, 138], [], [170, 191], [104, 165], [], [], [], [], [], [], [40, 47, 95, 197], [198], [29, 101], [], [], [53, 114], [], [], [], [65, 94, 164], [], [24, 71, 85, 86, 107], [], [], [36, 87], [], [64, 92], [], [63, 96], [79, 83], [108, 151, 192], [], [], [75, 160], [], [], [], [78, 112], [], [], [], [], [], [109, 150], [132], [4, 116, 119], [1, 48], [99, 126], [113, 121, 140], [74, 81], [], [], [46, 154], [16, 57, 77], [], [], [], [32, 35, 156, 169], [], [159, 188], [21, 152, 174], [42, 98], [14, 18], [22, 39], [], [2, 50, 117], [15, 52], [], [], [25, 28, 145], [37], [103, 120, 184], [], [6, 7, 43], [84], [38], [], [], [], [73, 82, 187]], "plan": [[113, 16], [2, 166], [109, 185], [36, 69], [102, 165], [72, 86], [142, 193], [57, 193], [98, 102], [30, 120], [181, 61], [179, 66], [169, 66], [178, 48], [94, 182], [160, 186], [51, 173], [49, 69], [67, 182], [80, 63], [165, 33], [163, 180], [14, 183], [121, 119], [148, 141], [92, 189], [31, 2], [72, 27], [43, 189], [45, 132], [192, 39], [193, 10], [23, 177], [3, 101], [55, 38], [149, 177], [75, 144], [71, 190], [170, 195], [6, 183], [150, 130], [124, 92], [162, 181], [180, 193], [5, 15], [119, 107], [11, 172], [184, 130], [170, 166], [18, 27], [135, 185], [110, 86], [37, 186], [7, 135], [103, 80], [154, 80], [192, 78], [172, 173], [41, 54], [88, 111], [34, 110], [113, 62], [146, 110], [133, 148], [80, 146], [36, 139], [192, 39], [19, 119], [177, 43], [191, 36], [196, 63], [21, 141], [173, 48], [46, 199], [103, 169], [50, 153], [54, 95], [142, 173], [118, 157], [120, 149], [139, 4], [99, 169], [155, 199], [54, 149], [38, 194], [195, 141], [178, 141], [29, 144], [142, 101], [162, 63], [194, 59], [117, 108], [51, 146], [156, 4], [191, 139], [21, 130], [143, 148], [38, 107], [141, 181], [1, 167], [144, 108], [26, 132], [47, 97], [25, 191], [46, 123], [14, 33], [38, 33], [132, 141], [57, 150], [89, 163], [48, 16], [34, 30], [199, 157], [130, 168], [188, 135], [197, 95], [197, 165], [196, 185], [199, 102], [73, 165], [144, 191], [5, 168], [7, 31], [110, 30], [88, 62], [76, 101], [172, 167], [119, 92], [192, 86], [61, 31], [18, 36], [16, 4], [172, 164], [124, 82], [0, 97], [194, 59], [153, 15], [171, 96], [180, 120], [194, 27], [192, 168], [10, 92], [97, 78], [73, 59], [49, 119], [13, 189], [184, 61], [199, 54], [197, 106], [53, 111], [197, 163], [69, 150], [22, 180], [198, 54], [91, 172], [27, 26], [89, 177], [39, 40], [120, 62], [101, 179], [105, 153], [147, 82], [76, 33], [75, 10], [2, 139], [15, 123], [168, 118], [194, 40], [66, 96], [177, 177], [160, 122], [68, 38], [179, 2], [80, 30], [77, 180], [155, 61], [83, 106], [91, 119], [24, 27], [132, 26], [128, 78], [163, 95], [110, 111], [99, 95], [76, 191], [190, 36], [193, 5], [174, 199], [120, 179], [187, 31], [157, 97], [98, 122], [176, 150], [173, 30], [18, 5], [121, 118], [9, 69], [89, 130], [52, 131], [79, 16]], "pms_num": 200,