{
  "power_cost_0": [
    152978.1999209564, 
    604347.7864476033
  ], 
  "power_cost_2": [
    139130.37308896647, 
    552529.8933134151
  ], 
  "power_cost_3": [
    87758.82534139158, 
    350617.2783488619
  ], 
  "scale": [
    500, 
    2000
  ], 
  "degree_of_concentration_2": [
    29422.250619520157, 
    117005.89272292254
  ], 
  "degree_of_concentration_3": [
    19135.20783380811, 
    76526.3678839882
  ], 
  "degree_of_concentration_0": [
    32157.650315394756, 
    127274.99436484717
  ], 
  "used_hms_0": [
    341, 
    1347
  ], 
  "used_hms_3": [
    195, 
    779
  ], 
  "used_hms_2": [
    310, 
    1231
  ], 
  "tolerance_3": [
    50018.5, 
    40016.4
  ], 
  "tolerance_2": [
    50021.4, 
    50016.0
  ], 
  "tolerance_0": [
    80013.0, 
    80018.9
  ]
}