{
  "power_cost_0": [
    145370.44104548937, 
    613297.8630739441, 
    2134470.0538836676,
    3037905.765699111,
    9079686.123128194
  ], 
  "power_cost_2": [
    133756.0810216037, 
    556566.1552635931, 
    1936579.783995802,
    2764075.3406579983,
    8235412.478546618
  ], 
  "power_cost_3": [
    83277.8924695628, 
    356440.4324186182, 
    1192808.1449439698,
    1739769.1772697642,
    5130331.339970526
  ], 
  "scale": [
    500, 
    2000, 
    7000,
    10000,
    30000
  ], 
  "degree_of_concentration_2": [
    28300.258242676868, 
    117809.06221619499, 
    409426.41689378326,
    585377.5482868623,
    1743353.0997162063
  ], 
  "degree_of_concentration_3": [
    18185.11585262163, 
    77728.74676682132, 
    260280.98577425597,
    379767.1102379519,
    1120127.996414744
  ], 
  "degree_of_concentration_0": [
    30600.353558573006, 
    129065.06964261059, 
    448558.7539075514,
    639593.5214626597,
    1910553.5129023325
  ], 
  "used_hms_0": [
    324, 
    1367, 
    4758,
    6771,
    20238
  ], 
  "used_hms_3": [
    185, 
    792, 
    2650,
    3865,
    11397
  ], 
  "used_hms_2": [
    298, 
    1240, 
    4315,
    6158,
    18348
  ], 
  "tolerance_3": [
    49, 
    48, 
    48,
    47,
    47
  ], 
  "tolerance_2": [
    29, 
    36, 
    31,
    37,
    36
  ], 
  "tolerance_0": [
    28, 
    24, 
    26,
    29,
    25
  ]
}