{
  "degree_of_concentration_2": [
    28511.356972683538, 
    112904.97389257475, 
    410052.4140510303, 
    581552.0638557129, 
    1739374.9713909556
  ], 
  "scale": [
    500, 
    2000, 
    7000, 
    10000, 
    30000
  ], 
  "used_hms_0": [
    333, 
    1315, 
    4761, 
    6795, 
    20216
  ], 
  "used_hms_3": [
    193, 
    741, 
    2669, 
    3793, 
    11356
  ], 
  "used_hms_2": [
    300, 
    1188, 
    4320, 
    6124, 
    18309
  ], 
  "power_cost_0": [
    149400.77616747344, 
    589996.4513587967, 
    2135892.984725717, 
    3048412.000384823, 
    9069758.432424739
  ], 
  "degree_of_concentration_3": [
    18931.24922799212, 
    72863.53932242551, 
    262214.86117836734, 
    372710.05197985744, 
    1116114.727189814
  ], 
  "degree_of_concentration_0": [
    31434.35463809562, 
    124139.94144359288, 
    449056.04329138575, 
    640928.3874504134, 
    1908013.4004261198
  ], 
  "power_cost_3": [
    86861.5408773922, 
    333585.593905315, 
    1201378.4096584464, 
    1707391.9985467615, 
    5111917.22245091
  ], 
  "power_cost_2": [
    134659.48752979704, 
    533264.8243916892, 
    1938895.867585206, 
    2748672.443716948, 
    8217890.9861283135
  ]
}