{
  "degree_of_concentration_2": [
    3048.3167008675464
  ], 
  "scale": [
    50
  ], 
  "used_hms_0": [
    35
  ], 
  "used_hms_3": [
    20
  ], 
  "used_hms_2": [
    32
  ], 
  "power_cost_0": [
    15688.417247457926
  ], 
  "degree_of_concentration_3": [
    1966.1923137607976
  ], 
  "degree_of_concentration_0": [
    3312.986095873425
  ], 
  "power_cost_3": [
    8987.810076461814
  ], 
  "power_cost_2": [
    14348.30938375763
  ]
}{
  "degree_of_concentration_2": [
    3048.3167008675464, 
    5641.505730455913
  ], 
  "scale": [
    50, 
    100
  ], 
  "used_hms_0": [
    35, 
    68
  ], 
  "used_hms_3": [
    20, 
    39
  ], 
  "used_hms_2": [
    32, 
    59
  ], 
  "power_cost_0": [
    15688.417247457926, 
    30502.652209930548
  ], 
  "degree_of_concentration_3": [
    1966.1923137607976, 
    3825.9661113152556
  ], 
  "degree_of_concentration_0": [
    3312.986095873425, 
    6440.462019166892
  ], 
  "power_cost_3": [
    8987.810076461814, 
    17548.07034473408
  ], 
  "power_cost_2": [
    14348.30938375763, 
    26482.319291217962
  ]
}{
  "degree_of_concentration_2": [
    3048.3167008675464, 
    5641.505730455913, 
    17942.482457683076
  ], 
  "scale": [
    50, 
    100, 
    300
  ], 
  "used_hms_0": [
    35, 
    68, 
    216
  ], 
  "used_hms_3": [
    20, 
    39, 
    123
  ], 
  "used_hms_2": [
    32, 
    59, 
    188
  ], 
  "power_cost_0": [
    15688.417247457926, 
    30502.652209930548, 
    96892.88262470979
  ], 
  "degree_of_concentration_3": [
    1966.1923137607976, 
    3825.9661113152556, 
    12072.399026727984
  ], 
  "degree_of_concentration_0": [
    3312.986095873425, 
    6440.462019166892, 
    20421.55577006636
  ], 
  "power_cost_3": [
    8987.810076461814, 
    17548.07034473408, 
    55348.908398983986
  ], 
  "power_cost_2": [
    14348.30938375763, 
    26482.319291217962, 
    84385.1481035089
  ]
}{
  "degree_of_concentration_2": [
    3048.3167008675464, 
    5641.505730455913, 
    17942.482457683076, 
    40986.11975130555
  ], 
  "scale": [
    50, 
    100, 
    300, 
    700
  ], 
  "used_hms_0": [
    35, 
    68, 
    216, 
    485
  ], 
  "used_hms_3": [
    20, 
    39, 
    123, 
    260
  ], 
  "used_hms_2": [
    32, 
    59, 
    188, 
    430
  ], 
  "power_cost_0": [
    15688.417247457926, 
    30502.652209930548, 
    96892.88262470979, 
    217555.70042909856
  ], 
  "degree_of_concentration_3": [
    1966.1923137607976, 
    3825.9661113152556, 
    12072.399026727984, 
    25644.64902454945
  ], 
  "degree_of_concentration_0": [
    3312.986095873425, 
    6440.462019166892, 
    20421.55577006636, 
    45859.8142036408
  ], 
  "power_cost_3": [
    8987.810076461814, 
    17548.07034473408, 
    55348.908398983986, 
    117046.1399817273
  ], 
  "power_cost_2": [
    14348.30938375763, 
    26482.319291217962, 
    84385.1481035089, 
    192986.93984285888
  ]
}{
  "degree_of_concentration_2": [
    3048.3167008675464, 
    5641.505730455913, 
    17942.482457683076, 
    40986.11975130555, 
    57212.959096906605
  ], 
  "scale": [
    50, 
    100, 
    300, 
    700, 
    1000
  ], 
  "used_hms_0": [
    35, 
    68, 
    216, 
    485, 
    672
  ], 
  "used_hms_3": [
    20, 
    39, 
    123, 
    260, 
    366
  ], 
  "used_hms_2": [
    32, 
    59, 
    188, 
    430, 
    599
  ], 
  "power_cost_0": [
    15688.417247457926, 
    30502.652209930548, 
    96892.88262470979, 
    217555.70042909856, 
    301489.76738107594
  ], 
  "degree_of_concentration_3": [
    1966.1923137607976, 
    3825.9661113152556, 
    12072.399026727984, 
    25644.64902454945, 
    36122.309192796885
  ], 
  "degree_of_concentration_0": [
    3312.986095873425, 
    6440.462019166892, 
    20421.55577006636, 
    45859.8142036408, 
    63678.862837170214
  ], 
  "power_cost_3": [
    8987.810076461814, 
    17548.07034473408, 
    55348.908398983986, 
    117046.1399817273, 
    164796.6989740091
  ], 
  "power_cost_2": [
    14348.30938375763, 
    26482.319291217962, 
    84385.1481035089, 
    192986.93984285888, 
    268880.4359594619
  ]
}