{
  "degree_of_concentration_2": [
    2877.507351298425
  ], 
  "scale": [
    50
  ], 
  "used_hms_0": [
    34
  ], 
  "used_hms_3": [
    22
  ], 
  "used_hms_2": [
    30
  ], 
  "power_cost_0": [
    15254.935050826733
  ], 
  "degree_of_concentration_3": [
    2150.6115778773665
  ], 
  "degree_of_concentration_0": [
    3232.1475848658097
  ], 
  "power_cost_3": [
    9894.445320157984
  ], 
  "power_cost_2": [
    13468.112390720826
  ]
}{
  "degree_of_concentration_2": [
    2877.507351298425, 
    5663.150542019312
  ], 
  "scale": [
    50, 
    100
  ], 
  "used_hms_0": [
    34, 
    68
  ], 
  "used_hms_3": [
    22, 
    41
  ], 
  "used_hms_2": [
    30, 
    59
  ], 
  "power_cost_0": [
    15254.935050826733, 
    30509.7872220227
  ], 
  "degree_of_concentration_3": [
    2150.6115778773665, 
    4025.5278131621208
  ], 
  "degree_of_concentration_0": [
    3232.1475848658097, 
    6461.749589588031
  ], 
  "power_cost_3": [
    9894.445320157984, 
    18448.68827088355
  ], 
  "power_cost_2": [
    13468.112390720826, 
    26489.465705158647
  ]
}{
  "degree_of_concentration_2": [
    2877.507351298425, 
    5663.150542019312, 
    17102.802312386637
  ], 
  "scale": [
    50, 
    100, 
    300
  ], 
  "used_hms_0": [
    34, 
    68, 
    198
  ], 
  "used_hms_3": [
    22, 
    41, 
    113
  ], 
  "used_hms_2": [
    30, 
    59, 
    179
  ], 
  "power_cost_0": [
    15254.935050826733, 
    30509.7872220227, 
    88834.51952833621
  ], 
  "degree_of_concentration_3": [
    2150.6115778773665, 
    4025.5278131621208, 
    11139.186514771018
  ], 
  "degree_of_concentration_0": [
    3232.1475848658097, 
    6461.749589588031, 
    18783.76922481628
  ], 
  "power_cost_3": [
    9894.445320157984, 
    18448.68827088355, 
    50864.192282869284
  ], 
  "power_cost_2": [
    13468.112390720826, 
    26489.465705158647, 
    80347.16167579315
  ]
}{
  "degree_of_concentration_2": [
    2877.507351298425, 
    5663.150542019312, 
    17102.802312386637, 
    40784.189206918825
  ], 
  "scale": [
    50, 
    100, 
    300, 
    700
  ], 
  "used_hms_0": [
    34, 
    68, 
    198, 
    484
  ], 
  "used_hms_3": [
    22, 
    41, 
    113, 
    263
  ], 
  "used_hms_2": [
    30, 
    59, 
    179, 
    427
  ], 
  "power_cost_0": [
    15254.935050826733, 
    30509.7872220227, 
    88834.51952833621, 
    217118.8553655373
  ], 
  "degree_of_concentration_3": [
    2150.6115778773665, 
    4025.5278131621208, 
    11139.186514771018, 
    25943.781444087093
  ], 
  "degree_of_concentration_0": [
    3232.1475848658097, 
    6461.749589588031, 
    18783.76922481628, 
    45830.378089506456
  ], 
  "power_cost_3": [
    9894.445320157984, 
    18448.68827088355, 
    50864.192282869284, 
    118396.25479083411
  ], 
  "power_cost_2": [
    13468.112390720826, 
    26489.465705158647, 
    80347.16167579315, 
    191656.75833803145
  ]
}{
  "degree_of_concentration_2": [
    2877.507351298425, 
    5663.150542019312, 
    17102.802312386637, 
    40784.189206918825, 
    58410.98982369597
  ], 
  "scale": [
    50, 
    100, 
    300, 
    700, 
    1000
  ], 
  "used_hms_0": [
    34, 
    68, 
    198, 
    484, 
    680
  ], 
  "used_hms_3": [
    22, 
    41, 
    113, 
    263, 
    376
  ], 
  "used_hms_2": [
    30, 
    59, 
    179, 
    427, 
    612
  ], 
  "power_cost_0": [
    15254.935050826733, 
    30509.7872220227, 
    88834.51952833621, 
    217118.8553655373, 
    305045.587052201
  ], 
  "degree_of_concentration_3": [
    2150.6115778773665, 
    4025.5278131621208, 
    11139.186514771018, 
    25943.781444087093, 
    37079.06571204777
  ], 
  "degree_of_concentration_0": [
    3232.1475848658097, 
    6461.749589588031, 
    18783.76922481628, 
    45830.378089506456, 
    64428.79927747471
  ], 
  "power_cost_3": [
    9894.445320157984, 
    18448.68827088355, 
    50864.192282869284, 
    118396.25479083411, 
    169246.13220511514
  ], 
  "power_cost_2": [
    13468.112390720826, 
    26489.465705158647, 
    80347.16167579315, 
    191656.75833803145, 
    274669.7289971409
  ]
}