{
  "degree_of_concentration_2": [
    2591.2675042187348
  ], 
  "scale": [
    50
  ], 
  "used_hms_0": [
    31
  ], 
  "used_hms_3": [
    19
  ], 
  "used_hms_2": [
    27
  ], 
  "power_cost_0": [
    13918.134101766558
  ], 
  "degree_of_concentration_3": [
    1872.87941644705
  ], 
  "degree_of_concentration_0": [
    2947.191631830199
  ], 
  "power_cost_3": [
    8557.610914625695
  ], 
  "power_cost_2": [
    12131.30357294076
  ]
}{
  "degree_of_concentration_2": [
    2591.2675042187348, 
    5522.61204999302
  ], 
  "scale": [
    50, 
    100
  ], 
  "used_hms_0": [
    31, 
    68
  ], 
  "used_hms_3": [
    19, 
    34
  ], 
  "used_hms_2": [
    27, 
    58
  ], 
  "power_cost_0": [
    13918.134101766558, 
    30496.541051944325
  ], 
  "degree_of_concentration_3": [
    1872.87941644705, 
    3366.7864019542317
  ], 
  "degree_of_concentration_0": [
    2947.191631830199, 
    6406.911964235313
  ], 
  "power_cost_3": [
    8557.610914625695, 
    15308.435237697107
  ], 
  "power_cost_2": [
    12131.30357294076, 
    26029.492146050296
  ]
}{
  "degree_of_concentration_2": [
    2591.2675042187348, 
    5522.61204999302, 
    16428.74864443092
  ], 
  "scale": [
    50, 
    100, 
    300
  ], 
  "used_hms_0": [
    31, 
    68, 
    196
  ], 
  "used_hms_3": [
    19, 
    34, 
    108
  ], 
  "used_hms_2": [
    27, 
    58, 
    172
  ], 
  "power_cost_0": [
    13918.134101766558, 
    30496.541051944325, 
    87944.13027323598
  ], 
  "degree_of_concentration_3": [
    1872.87941644705, 
    3366.7864019542317, 
    10648.390516882595
  ], 
  "degree_of_concentration_0": [
    2947.191631830199, 
    6406.911964235313, 
    18549.321896769852
  ], 
  "power_cost_3": [
    8557.610914625695, 
    15308.435237697107, 
    48633.581310027985
  ], 
  "power_cost_2": [
    12131.30357294076, 
    26029.492146050296, 
    77223.21581761121
  ]
}{
  "degree_of_concentration_2": [
    2591.2675042187348, 
    5522.61204999302, 
    16428.74864443092, 
    39560.99979355117
  ], 
  "scale": [
    50, 
    100, 
    300, 
    700
  ], 
  "used_hms_0": [
    31, 
    68, 
    196, 
    467
  ], 
  "used_hms_3": [
    19, 
    34, 
    108, 
    248
  ], 
  "used_hms_2": [
    27, 
    58, 
    172, 
    415
  ], 
  "power_cost_0": [
    13918.134101766558, 
    30496.541051944325, 
    87944.13027323598, 
    209527.6282366283
  ], 
  "degree_of_concentration_3": [
    1872.87941644705, 
    3366.7864019542317, 
    10648.390516882595, 
    24494.028966740516
  ], 
  "degree_of_concentration_0": [
    2947.191631830199, 
    6406.911964235313, 
    18549.321896769852, 
    44142.53253589201
  ], 
  "power_cost_3": [
    8557.610914625695, 
    15308.435237697107, 
    48633.581310027985, 
    111698.19776421667
  ], 
  "power_cost_2": [
    12131.30357294076, 
    26029.492146050296, 
    77223.21581761121, 
    186299.03413996278
  ]
}{
  "degree_of_concentration_2": [
    2591.2675042187348, 
    5522.61204999302, 
    16428.74864443092, 
    39560.99979355117, 
    56467.47184817173
  ], 
  "scale": [
    50, 
    100, 
    300, 
    700, 
    1000
  ], 
  "used_hms_0": [
    31, 
    68, 
    196, 
    467, 
    670
  ], 
  "used_hms_3": [
    19, 
    34, 
    108, 
    248, 
    362
  ], 
  "used_hms_2": [
    27, 
    58, 
    172, 
    415, 
    592
  ], 
  "power_cost_0": [
    13918.134101766558, 
    30496.541051944325, 
    87944.13027323598, 
    209527.6282366283, 
    300603.738142548
  ], 
  "degree_of_concentration_3": [
    1872.87941644705, 
    3366.7864019542317, 
    10648.390516882595, 
    24494.028966740516, 
    35717.72841183676
  ], 
  "degree_of_concentration_0": [
    2947.191631830199, 
    6406.911964235313, 
    18549.321896769852, 
    44142.53253589201, 
    63372.77177875266
  ], 
  "power_cost_3": [
    8557.610914625695, 
    15308.435237697107, 
    48633.581310027985, 
    111698.19776421667, 
    163016.96056084818
  ], 
  "power_cost_2": [
    12131.30357294076, 
    26029.492146050296, 
    77223.21581761121, 
    186299.03413996278, 
    265760.80867702904
  ]
}